Receipt No,Date,Donor,Amount,Mode,Campaign,City
RCPT-00001,2024-09-26,Arjun Sheikh,5000,UPI,General Fund,Aurangabad
RCPT-00002,2023-08-05,Suresh Shah,2000,Cheque,Winter Relief,Mumbai
RCPT-00003,2024-01-01,Meera Sheikh,2500,Online,Health Camp,Thane
RCPT-00004,2024-03-06,Arjun Shaikh,25000,Cheque,Sportathon Fund,Thane
RCPT-00005,2024-11-10,Irfan Rane,25000,Cash,Girl Child Education,Nashik
RCPT-00006,2023-09-27,Pari Khan,25000,UPI,Sportathon Fund,Thane
RCPT-00007,2023-09-15,Ishaan Chowdhury,2000,Cheque,Winter Relief,Nashik
RCPT-00008,2024-03-27,Sai Shah,2500,Cheque,Girl Child Education,Pune
RCPT-00009,2023-01-28,Vihaan Shaikh,500,UPI,Health Camp,Nashik
RCPT-00010,2024-03-02,Suresh Bhat,1000,Online,Girl Child Education,Pune
RCPT-00011,2023-10-01,Krishna Naidu,1500,Online,Girl Child Education,Aurangabad
RCPT-00012,2023-10-05,Kiara Sharma,2000,Cash,Girl Child Education,Aurangabad
RCPT-00013,2024-01-26,Prakash Agarwal,10000,Online,Girl Child Education,Nagpur
RCPT-00014,2024-05-05,Myra Patel,10000,UPI,Sportathon Fund,Thane
RCPT-00015,2023-11-26,Rajesh Malik,25000,Cash,Sportathon Fund,Nagpur
RCPT-00016,2024-07-12,Krishna Naidu,7500,Cash,Winter Relief,Nagpur
RCPT-00017,2023-06-12,Ramesh Singh,25000,UPI,Girl Child Education,Nashik
RCPT-00018,2023-10-14,Aryan More,1000,Cheque,Health Camp,Nagpur
RCPT-00019,2023-10-25,Kavya Shaikh,1500,UPI,Girl Child Education,Nagpur
RCPT-00020,2023-12-09,Sai Rane,25000,Cash,Girl Child Education,Aurangabad
RCPT-00021,2024-02-08,Sunita Shah,2500,Online,Winter Relief,Nagpur
RCPT-00022,2023-09-24,Aadhya Sawant,15000,Online,Winter Relief,Mumbai
RCPT-00023,2023-04-04,Salma Kaur,10000,UPI,General Fund,Nashik
RCPT-00024,2023-07-22,Arjun Sheikh,10000,UPI,Health Camp,Nashik
RCPT-00025,2024-02-28,Irfan Kaur,5000,Online,General Fund,Pune
RCPT-00026,2023-01-02,Aryan Mondal,5000,Online,Winter Relief,Aurangabad
RCPT-00027,2023-04-20,Vihaan Kumar,25000,Cash,Health Camp,Pune
RCPT-00028,2023-09-16,Vivaan Bora,2500,Online,Health Camp,Pune
RCPT-00029,2023-04-28,Ira Chavan,1000,Online,Girl Child Education,Nashik
RCPT-00030,2023-05-07,Sai Singh,5000,Cash,Sportathon Fund,Nagpur
RCPT-00031,2024-10-10,Krishna Bhat,5000,Online,Winter Relief,Nagpur
RCPT-00032,2024-01-22,Nasreen Reddy,15000,Cash,General Fund,Nagpur
RCPT-00033,2024-01-02,Yash Ghosh,10000,Cash,Girl Child Education,Nagpur
RCPT-00034,2023-10-26,Irfan Shaikh,10000,Cash,Girl Child Education,Nagpur
RCPT-00035,2024-07-01,Priya Verma,7500,Cash,Girl Child Education,Aurangabad
RCPT-00036,2023-11-20,Riya Nair,5000,Cheque,Sportathon Fund,Aurangabad
RCPT-00037,2024-08-08,Sai Bora,25000,UPI,General Fund,Thane
RCPT-00038,2024-06-24,Kabir Sheikh,7500,Cheque,Sportathon Fund,Aurangabad
RCPT-00039,2024-08-03,Aryan Mondal,7500,Cash,Health Camp,Nashik
RCPT-00040,2023-12-12,Sai Sawant,10000,Online,Sportathon Fund,Pune
RCPT-00041,2024-10-06,Krishna Bhat,1000,Cash,Sportathon Fund,Thane
RCPT-00042,2024-10-08,Zara Sheikh,2000,UPI,Winter Relief,Nagpur
RCPT-00043,2024-11-25,Vikas Sawant,2500,Cash,Winter Relief,Thane
RCPT-00044,2023-07-09,Lata Reddy,25000,Cash,Sportathon Fund,Aurangabad
RCPT-00045,2023-11-05,Vikas Sheikh,5000,Online,Girl Child Education,Pune
RCPT-00046,2024-09-18,Ramesh Jadhav,25000,Cheque,Winter Relief,Aurangabad
RCPT-00047,2024-10-11,Prakash Naidu,2000,Cash,Girl Child Education,Nagpur
RCPT-00048,2024-03-25,Aryan Mondal,10000,UPI,Girl Child Education,Mumbai
RCPT-00049,2024-11-11,Rajesh Iyer,7500,Cheque,Sportathon Fund,Nashik
RCPT-00050,2024-07-25,Irfan Rao,2000,Online,General Fund,Aurangabad
RCPT-00051,2024-08-18,Nasreen Roy,2000,Cash,Sportathon Fund,Pune
RCPT-00052,2023-06-14,Asha Mondal,15000,Cheque,Winter Relief,Thane
RCPT-00053,2023-04-22,Vihaan Shaikh,500,Online,General Fund,Pune
RCPT-00054,2024-09-05,Yash Bhat,7500,Online,Girl Child Education,Aurangabad
RCPT-00055,2023-02-08,Anil Gupta,5000,Online,Girl Child Education,Nagpur
RCPT-00056,2023-12-05,Aadhya Sawant,1000,Online,General Fund,Pune
RCPT-00057,2023-12-15,Kiran Khan,1000,UPI,Winter Relief,Nagpur
RCPT-00058,2024-02-10,Salma Mishra,5000,Online,Health Camp,Mumbai
RCPT-00059,2023-03-21,Aarav Sheikh,2500,Cheque,General Fund,Thane
RCPT-00060,2023-04-23,Ananya Verma,2000,UPI,General Fund,Nashik
RCPT-00061,2023-01-21,Ramesh Naidu,1000,Cheque,General Fund,Mumbai
RCPT-00062,2024-05-15,Vihaan Jadhav,1000,Cheque,Winter Relief,Pune
RCPT-00063,2024-03-25,Irfan Chavan,500,UPI,Winter Relief,Pune
RCPT-00064,2023-06-09,Vihaan Sharma,500,Cheque,Winter Relief,Nashik
RCPT-00065,2024-02-08,Pooja Agarwal,1500,Online,Health Camp,Nashik
RCPT-00066,2024-04-07,Prakash Yadav,5000,Cheque,Sportathon Fund,Pune
RCPT-00067,2024-06-10,Kiran Ghosh,500,Online,Girl Child Education,Aurangabad
RCPT-00068,2024-08-10,Aryan Sharma,1500,Cash,Winter Relief,Thane
RCPT-00069,2023-03-14,Asha Sheikh,15000,Online,Health Camp,Nashik
RCPT-00070,2024-02-16,Diya Patel,1500,Online,Sportathon Fund,Mumbai
RCPT-00071,2023-09-15,Meera Sheikh,1000,Cash,General Fund,Nagpur
RCPT-00072,2024-06-11,Devansh Tiwari,1000,Online,Winter Relief,Thane
RCPT-00073,2024-12-16,Kabir Shaikh,15000,Cash,General Fund,Nagpur
RCPT-00074,2024-06-21,Deepak Mondal,25000,Cheque,Sportathon Fund,Aurangabad
RCPT-00075,2023-07-24,Asha Sheikh,5000,UPI,Girl Child Education,Nagpur
RCPT-00076,2023-07-12,Prakash Bhat,1000,Cash,Sportathon Fund,Mumbai
RCPT-00077,2023-05-24,Aryan Patel,7500,UPI,General Fund,Pune
RCPT-00078,2024-01-22,Sai Bora,1000,UPI,Health Camp,Thane
RCPT-00079,2023-11-22,Fatima Verma,15000,UPI,General Fund,Aurangabad
RCPT-00080,2023-06-16,Asha Kamble,1000,Cash,Winter Relief,Pune
RCPT-00081,2023-07-02,Sai Malik,5000,Cheque,Girl Child Education,Nashik
RCPT-00082,2024-01-13,Salma Kaur,25000,Cheque,Winter Relief,Thane
RCPT-00083,2023-06-18,Arjun Sheikh,2000,UPI,Girl Child Education,Aurangabad
RCPT-00084,2024-05-21,Reyansh Mondal,5000,Online,Sportathon Fund,Mumbai
RCPT-00085,2024-08-22,Vivaan Bora,2500,UPI,General Fund,Aurangabad
RCPT-00086,2023-11-21,Fatima Iyer,5000,Online,Winter Relief,Nagpur
RCPT-00087,2023-04-24,Kavya Shaikh,25000,Cash,Health Camp,Nashik
RCPT-00088,2024-02-12,Ramesh Bora,25000,Cash,Winter Relief,Aurangabad
RCPT-00089,2024-04-15,Salma Naidu,25000,Cheque,Sportathon Fund,Thane
RCPT-00090,2023-04-08,Yash Shah,1000,Cheque,Health Camp,Mumbai
RCPT-00091,2024-07-05,Salma Agarwal,500,Online,Sportathon Fund,Pune
RCPT-00092,2024-12-21,Rajesh Kaur,500,UPI,Health Camp,Aurangabad
RCPT-00093,2024-05-06,Krishna Mondal,15000,Cash,General Fund,Mumbai
RCPT-00094,2023-11-22,Irfan Rao,25000,Cheque,Winter Relief,Nagpur
RCPT-00095,2024-01-08,Rajesh Iyer,1500,Cash,Health Camp,Mumbai
RCPT-00096,2024-05-28,Krishna Bansal,1500,Cash,Winter Relief,Nagpur
RCPT-00097,2023-11-07,Aadhya Rane,1500,Cheque,Health Camp,Nashik
RCPT-00098,2024-06-22,Sanjay Mondal,500,Online,Winter Relief,Pune
RCPT-00099,2023-03-28,Kiara Verma,1000,Cash,General Fund,Nashik
RCPT-00100,2024-06-06,Devansh Mondal,25000,Cash,Girl Child Education,Thane
RCPT-00101,2023-09-05,Krishna Kaur,2000,Cheque,Winter Relief,Mumbai
RCPT-00102,2023-02-03,Manoj Gupta,10000,Cheque,General Fund,Thane
RCPT-00103,2023-01-25,Zara Yadav,1500,Cash,Winter Relief,Mumbai
RCPT-00104,2024-09-04,Rajesh Gaikwad,2000,Cheque,Health Camp,Thane
RCPT-00105,2023-09-10,Pari Gaikwad,5000,Cash,Girl Child Education,Mumbai
RCPT-00106,2023-06-16,Kabir Mishra,2500,Cheque,General Fund,Nagpur
RCPT-00107,2024-01-11,Vihaan Kumar,1500,Cheque,Girl Child Education,Pune
RCPT-00108,2023-02-21,Krishna Chavan,25000,UPI,Sportathon Fund,Nagpur
RCPT-00109,2023-10-10,Kabir Jadhav,15000,Cheque,Sportathon Fund,Aurangabad
RCPT-00110,2024-12-16,Aadhya Sawant,15000,Cash,Health Camp,Nagpur
RCPT-00111,2024-07-18,Ramesh Bora,1000,Online,Girl Child Education,Pune
RCPT-00112,2024-02-03,Prakash Rao,1000,Online,Sportathon Fund,Mumbai
RCPT-00113,2024-12-18,Fatima Verma,1500,Cheque,Sportathon Fund,Thane
RCPT-00114,2023-11-18,Ramesh Naidu,5000,Cash,Health Camp,Aurangabad
RCPT-00115,2023-02-19,Ananya Verma,15000,Online,Winter Relief,Mumbai
RCPT-00116,2023-11-18,Neha Kaur,10000,Online,Sportathon Fund,Thane
RCPT-00117,2024-03-07,Aryan Yadav,2500,Cheque,Winter Relief,Pune
RCPT-00118,2024-07-27,Sai Roy,10000,Online,Sportathon Fund,Mumbai
RCPT-00119,2024-04-25,Arjun Ansari,1000,Cash,Sportathon Fund,Nagpur
RCPT-00120,2024-02-12,Reyansh Yadav,15000,UPI,Sportathon Fund,Thane
RCPT-00121,2024-04-05,Krishna Khan,5000,Cash,Sportathon Fund,Nashik
RCPT-00122,2023-11-25,Kabir Mondal,7500,Cash,Sportathon Fund,Mumbai
RCPT-00123,2023-10-26,Pooja Yadav,10000,Cheque,Winter Relief,Nagpur
RCPT-00124,2023-10-02,Prakash Naidu,1500,Cash,Health Camp,Pune
RCPT-00125,2024-12-12,Kavya More,5000,UPI,Girl Child Education,Nashik
RCPT-00126,2024-05-20,Kavya Shaikh,10000,Cheque,Sportathon Fund,Pune
RCPT-00127,2024-11-28,Sunita Reddy,25000,Online,Girl Child Education,Pune
RCPT-00128,2023-02-01,Kiara Sharma,500,Online,Winter Relief,Aurangabad
RCPT-00129,2024-09-03,Riya Nair,5000,Online,Health Camp,Nashik
RCPT-00130,2023-06-04,Kavya Patel,10000,Cash,General Fund,Aurangabad
RCPT-00131,2024-05-21,Prakash Rane,5000,Cheque,Winter Relief,Pune
RCPT-00132,2024-05-22,Anaya Singh,10000,UPI,Health Camp,Nashik
RCPT-00133,2024-08-23,Ananya Yadav,2000,UPI,Winter Relief,Nagpur
RCPT-00134,2023-11-04,Kiara Bansal,1500,UPI,Girl Child Education,Nashik
RCPT-00135,2024-02-27,Sunita Iyer,7500,Cheque,Winter Relief,Nashik
RCPT-00136,2024-04-22,Sanjay Mondal,2000,Online,Girl Child Education,Thane
RCPT-00137,2023-10-23,Pari Gaikwad,25000,Cash,Winter Relief,Pune
RCPT-00138,2024-03-01,Zara Bhat,1000,UPI,General Fund,Mumbai
RCPT-00139,2023-02-08,Vikas Naidu,25000,Online,Sportathon Fund,Mumbai
RCPT-00140,2023-01-23,Ramesh Bora,7500,Online,Health Camp,Mumbai
RCPT-00141,2023-02-22,Aryan Bora,15000,Online,Health Camp,Aurangabad
RCPT-00142,2023-11-13,Aditya Gaikwad,7500,UPI,General Fund,Mumbai
RCPT-00143,2024-11-25,Sara Bhat,15000,UPI,Sportathon Fund,Mumbai
RCPT-00144,2023-02-03,Meera Mondal,15000,Online,Girl Child Education,Nagpur
RCPT-00145,2024-09-04,Kabir Shaikh,5000,UPI,Winter Relief,Aurangabad
RCPT-00146,2024-05-05,Zara Sheikh,15000,Cash,Winter Relief,Thane
RCPT-00147,2024-06-12,Yash Shah,25000,Online,Girl Child Education,Thane
RCPT-00148,2023-09-05,Ramesh Naidu,25000,Cheque,Sportathon Fund,Thane
RCPT-00149,2023-07-15,Imran Verma,2500,Cheque,Health Camp,Aurangabad
RCPT-00150,2023-07-10,Aryan Rane,1500,Cash,Winter Relief,Aurangabad
RCPT-00151,2023-09-20,Vikas Rane,25000,Cash,Sportathon Fund,Pune
RCPT-00152,2024-01-05,Zara Patel,25000,UPI,Winter Relief,Thane
RCPT-00153,2024-09-28,Kabir Shaikh,7500,Online,Winter Relief,Mumbai
RCPT-00154,2023-11-02,Sunita Sharma,5000,UPI,Sportathon Fund,Nagpur
RCPT-00155,2023-12-25,Arjun Kaur,1500,UPI,Health Camp,Thane
RCPT-00156,2023-09-08,Sunita Reddy,1000,UPI,Health Camp,Mumbai
RCPT-00157,2024-05-01,Reyansh Yadav,15000,Cheque,General Fund,Nagpur
RCPT-00158,2024-05-25,Vivaan Naidu,15000,Online,Girl Child Education,Mumbai
RCPT-00159,2023-08-20,Sai Bora,500,UPI,Girl Child Education,Pune
RCPT-00160,2023-07-17,Rajesh Singh,2000,Online,Health Camp,Thane
RCPT-00161,2024-07-11,Aadhya Bansal,15000,UPI,Winter Relief,Nashik
RCPT-00162,2024-08-17,Ramesh Naidu,1000,Cash,General Fund,Thane
RCPT-00163,2024-04-15,Ramesh More,25000,Online,Girl Child Education,Thane
RCPT-00164,2024-10-28,Vikas Sawant,25000,UPI,Girl Child Education,Nagpur
RCPT-00165,2024-02-23,Anaya Kaur,25000,Cash,Winter Relief,Thane
RCPT-00166,2024-08-10,Irfan Rao,15000,UPI,General Fund,Aurangabad
RCPT-00167,2024-01-18,Kavya Patel,15000,UPI,Health Camp,Mumbai
RCPT-00168,2024-09-28,Aadhya Ansari,1500,Cheque,General Fund,Pune
RCPT-00169,2024-08-14,Pari Rao,1500,Online,Winter Relief,Pune
RCPT-00170,2024-06-03,Prakash Roy,1000,Online,Girl Child Education,Nagpur
RCPT-00171,2024-05-17,Fatima Verma,25000,UPI,Health Camp,Pune
RCPT-00172,2024-06-17,Imran Bora,5000,UPI,Girl Child Education,Nagpur
RCPT-00173,2024-05-02,Krishna Kaur,2500,Cash,Winter Relief,Pune
RCPT-00174,2023-12-10,Neha Bora,10000,UPI,Winter Relief,Pune
RCPT-00175,2024-09-14,Krishna Singh,2000,Cash,Winter Relief,Nagpur
RCPT-00176,2024-11-07,Myra Patel,2500,Online,General Fund,Nashik
RCPT-00177,2024-12-16,Ayesha Pawar,25000,Cheque,Health Camp,Pune
RCPT-00178,2024-03-24,Ira Sheikh,2000,UPI,General Fund,Nagpur
RCPT-00179,2024-10-09,Ira Chavan,1000,Cash,Sportathon Fund,Mumbai
RCPT-00180,2024-07-05,Reyansh Mondal,2000,Cash,General Fund,Thane
RCPT-00181,2023-09-02,Irfan Rao,25000,Cash,Girl Child Education,Thane
RCPT-00182,2023-11-16,Prakash Bansal,2500,Online,Girl Child Education,Aurangabad
RCPT-00183,2023-07-02,Zara Sheikh,2000,Online,Health Camp,Aurangabad
RCPT-00184,2024-03-07,Prakash Naidu,500,Cash,Sportathon Fund,Nashik
RCPT-00185,2024-09-16,Riya Rao,2000,Cheque,Winter Relief,Nashik
RCPT-00186,2024-04-11,Ishaan Kaur,1500,Cheque,General Fund,Nagpur
RCPT-00187,2023-03-19,Kavya Patel,1500,Online,Health Camp,Pune
RCPT-00188,2023-11-11,Sara Gupta,2500,Online,General Fund,Nashik
RCPT-00189,2024-02-26,Pooja Rane,7500,UPI,Winter Relief,Pune
RCPT-00190,2024-04-21,Krishna Bhat,500,Cash,General Fund,Nagpur
RCPT-00191,2024-07-10,Kavya Patel,1000,Cash,Girl Child Education,Aurangabad
RCPT-00192,2024-12-27,Aryan Shaikh,7500,Cheque,Winter Relief,Aurangabad
RCPT-00193,2024-04-21,Om Gupta,1500,Cheque,Sportathon Fund,Aurangabad
RCPT-00194,2024-10-07,Kiara Sharma,1500,Online,Health Camp,Nashik
RCPT-00195,2024-01-01,Salma Mishra,10000,UPI,General Fund,Aurangabad
RCPT-00196,2024-11-07,Yash Shah,25000,Cash,Girl Child Education,Pune
RCPT-00197,2024-02-03,Vihaan Shaikh,2500,Online,Health Camp,Aurangabad
RCPT-00198,2024-05-13,Salma Mishra,25000,Cheque,Health Camp,Aurangabad
RCPT-00199,2024-10-16,Krishna Kaur,10000,UPI,Sportathon Fund,Nagpur
RCPT-00200,2024-07-23,Pari Bhat,7500,Cash,Sportathon Fund,Pune
RCPT-00201,2023-08-13,Devansh Tiwari,5000,Cash,General Fund,Nagpur
RCPT-00202,2023-10-27,Ishaan Singh,25000,Online,Girl Child Education,Nashik
RCPT-00203,2023-03-21,Arjun Sheikh,1500,Cash,Winter Relief,Nagpur
RCPT-00204,2024-11-06,Irfan Rane,1000,UPI,Sportathon Fund,Pune
RCPT-00205,2023-04-21,Ananya Verma,1000,Cash,General Fund,Nagpur
RCPT-00206,2024-06-21,Salma Naidu,7500,Cash,Winter Relief,Mumbai
RCPT-00207,2023-04-15,Myra Patel,2000,Online,Health Camp,Thane
RCPT-00208,2023-05-04,Deepak Reddy,10000,Online,Health Camp,Thane
RCPT-00209,2023-01-08,Imran Singh,10000,Online,Health Camp,Thane
RCPT-00210,2023-05-05,Imran Patel,10000,UPI,General Fund,Nagpur
RCPT-00211,2023-01-13,Zara Sheikh,5000,Cheque,Health Camp,Thane
RCPT-00212,2024-01-21,Sai Kumar,2000,UPI,General Fund,Aurangabad
RCPT-00213,2023-01-12,Neha Sawant,7500,Cheque,Winter Relief,Aurangabad
RCPT-00214,2024-05-16,Asha Sheikh,25000,Cheque,Health Camp,Thane
RCPT-00215,2024-07-08,Kiara Malik,2000,Cash,Health Camp,Thane
RCPT-00216,2023-07-06,Diya More,2000,Cash,Health Camp,Nashik
RCPT-00217,2024-05-07,Irfan Rane,1500,Cheque,General Fund,Thane
RCPT-00218,2023-09-22,Ramesh Bora,25000,UPI,General Fund,Nagpur
RCPT-00219,2024-08-01,Sunita Reddy,2000,Online,Health Camp,Nagpur
RCPT-00220,2023-05-05,Ananya Sawant,7500,Online,Winter Relief,Nagpur
RCPT-00221,2024-03-04,Riya Sheikh,7500,Cheque,Health Camp,Mumbai
RCPT-00222,2024-11-17,Reyansh Mondal,25000,Cash,Winter Relief,Nashik
RCPT-00223,2023-07-24,Devansh Tiwari,1000,Online,Girl Child Education,Nashik
RCPT-00224,2023-09-06,Riya Nair,10000,UPI,General Fund,Nashik
RCPT-00225,2023-05-09,Kavya Shaikh,1000,Cheque,Health Camp,Nagpur
RCPT-00226,2024-08-25,Om Ansari,10000,UPI,General Fund,Aurangabad
RCPT-00227,2023-11-07,Yash Shah,2500,UPI,Winter Relief,Pune
RCPT-00228,2023-06-24,Deepak Rao,2000,Online,Health Camp,Mumbai
RCPT-00229,2024-04-02,Arjun Malik,10000,Cash,Girl Child Education,Thane
RCPT-00230,2024-11-28,Arjun Kamble,7500,Cash,Girl Child Education,Pune
RCPT-00231,2024-01-11,Krishna Singh,500,Cheque,General Fund,Thane
RCPT-00232,2023-04-23,Kabir Mondal,1500,Cheque,Sportathon Fund,Pune
RCPT-00233,2024-04-21,Kabir Singh,7500,UPI,Girl Child Education,Mumbai
RCPT-00234,2023-06-21,Anil Sawant,10000,Online,Girl Child Education,Aurangabad
RCPT-00235,2023-10-03,Vikas Mishra,2000,Online,Girl Child Education,Thane
RCPT-00236,2024-02-07,Ananya Agarwal,10000,UPI,Girl Child Education,Thane
RCPT-00237,2024-02-21,Irfan Kumar,7500,Online,General Fund,Mumbai
RCPT-00238,2024-09-18,Ananya Sawant,5000,Cheque,Sportathon Fund,Thane
RCPT-00239,2024-07-18,Kiran Sawant,1000,Cash,Health Camp,Mumbai
RCPT-00240,2023-01-10,Om Pawar,1000,UPI,Sportathon Fund,Aurangabad
RCPT-00241,2023-05-21,Salma Naidu,1000,Cheque,Girl Child Education,Aurangabad
RCPT-00242,2024-01-06,Ira Shah,1000,Online,Girl Child Education,Pune
RCPT-00243,2023-08-14,Sanjay Bora,2500,UPI,Winter Relief,Thane
RCPT-00244,2023-10-23,Arjun Malik,10000,Cheque,Girl Child Education,Aurangabad
RCPT-00245,2024-06-11,Aryan Sharma,500,UPI,General Fund,Nashik
RCPT-00246,2023-01-06,Sanjay Sawant,15000,Cash,Sportathon Fund,Pune
RCPT-00247,2023-01-10,Prakash Tiwari,500,UPI,Winter Relief,Nagpur
RCPT-00248,2023-06-27,Prakash Naidu,2000,Online,Girl Child Education,Pune
RCPT-00249,2024-03-20,Sai Reddy,1000,Cash,Sportathon Fund,Nashik
RCPT-00250,2023-02-11,Suresh Pawar,10000,Cheque,Girl Child Education,Pune
RCPT-00251,2023-11-11,Om Roy,7500,Online,Sportathon Fund,Nagpur
RCPT-00252,2024-01-12,Pooja Shaikh,25000,Cash,Health Camp,Mumbai
RCPT-00253,2023-03-27,Zara Patel,2000,Cash,Sportathon Fund,Aurangabad
RCPT-00254,2023-03-28,Pooja Yadav,2500,Cheque,Winter Relief,Aurangabad
RCPT-00255,2024-08-01,Devansh Ansari,500,Cheque,Girl Child Education,Thane
RCPT-00256,2024-04-12,Anil Sharma,25000,Online,Girl Child Education,Thane
RCPT-00257,2024-10-16,Sara Iyer,1500,Cash,Girl Child Education,Thane
RCPT-00258,2024-09-07,Vivaan Bora,2500,Cash,Health Camp,Nagpur
RCPT-00259,2024-01-23,Zara Patel,2000,Cheque,General Fund,Aurangabad
RCPT-00260,2023-12-02,Pooja Yadav,2500,UPI,General Fund,Aurangabad
RCPT-00261,2024-06-03,Meera Verma,1500,UPI,General Fund,Nashik
RCPT-00262,2024-09-28,Kiara Malik,1000,UPI,Winter Relief,Aurangabad
RCPT-00263,2024-01-20,Suresh Bhat,500,Cheque,Sportathon Fund,Mumbai
RCPT-00264,2024-12-20,Neha Patel,2000,Online,Winter Relief,Pune
RCPT-00265,2024-05-04,Aarav Das,10000,UPI,Sportathon Fund,Thane
RCPT-00266,2024-08-21,Ananya Verma,500,Online,General Fund,Mumbai
RCPT-00267,2023-07-07,Aarav Iyer,5000,Online,Winter Relief,Pune
RCPT-00268,2024-10-25,Zara Patel,500,Cash,Winter Relief,Thane
RCPT-00269,2024-04-26,Vivaan Bora,10000,Cash,Winter Relief,Pune
RCPT-00270,2023-05-28,Ishaan Chowdhury,2000,Cheque,Sportathon Fund,Aurangabad
RCPT-00271,2024-11-26,Irfan Chavan,15000,Cash,Winter Relief,Aurangabad
RCPT-00272,2023-06-22,Meera Sheikh,25000,Online,General Fund,Nashik
RCPT-00273,2023-06-07,Fatima Bora,500,Cash,Health Camp,Nashik
RCPT-00274,2024-12-14,Irfan Naidu,5000,UPI,Health Camp,Mumbai
RCPT-00275,2024-06-15,Om Gupta,15000,Cheque,Girl Child Education,Mumbai
RCPT-00276,2024-03-10,Vivaan Bhat,15000,Cheque,Health Camp,Mumbai
RCPT-00277,2023-05-18,Arjun Mondal,1000,Cash,Winter Relief,Nashik
RCPT-00278,2023-06-26,Yash Bhat,10000,Cheque,Girl Child Education,Nashik
RCPT-00279,2023-08-23,Sai Bora,1000,Cheque,Sportathon Fund,Aurangabad
RCPT-00280,2023-04-21,Kabir Sharma,2000,UPI,Girl Child Education,Aurangabad
RCPT-00281,2024-01-15,Aadhya Sawant,2500,Cash,Health Camp,Nagpur
RCPT-00282,2024-02-15,Vikas Sheikh,5000,Cash,General Fund,Nagpur
RCPT-00283,2023-11-04,Sunita Das,1500,Online,Winter Relief,Aurangabad
RCPT-00284,2024-01-10,Anil Ansari,500,Cash,Winter Relief,Pune
RCPT-00285,2024-12-20,Diya Verma,1000,Cheque,Winter Relief,Thane
RCPT-00286,2024-07-16,Sunita Chowdhury,5000,UPI,General Fund,Nashik
RCPT-00287,2024-10-20,Sai Rane,2500,Cash,Sportathon Fund,Mumbai
RCPT-00288,2024-03-20,Ananya Sawant,10000,Online,Health Camp,Thane
RCPT-00289,2024-11-15,Fatima Verma,500,Cheque,General Fund,Thane
RCPT-00290,2024-02-08,Ananya Sawant,7500,Cash,General Fund,Aurangabad
RCPT-00291,2023-04-15,Pooja Yadav,500,Online,Health Camp,Thane
RCPT-00292,2023-07-11,Salma Naidu,1000,Cheque,Health Camp,Mumbai
RCPT-00293,2024-02-24,Sara Bansal,10000,UPI,Health Camp,Pune
RCPT-00294,2024-03-13,Ramesh Reddy,25000,Cash,Sportathon Fund,Aurangabad
RCPT-00295,2023-07-11,Priya Bhat,7500,Cheque,General Fund,Thane
RCPT-00296,2024-10-19,Pari Gaikwad,25000,UPI,Girl Child Education,Nashik
RCPT-00297,2023-04-19,Vivaan Sawant,2000,Online,Girl Child Education,Mumbai
RCPT-00298,2024-09-01,Prakash Roy,5000,Cash,Sportathon Fund,Pune
RCPT-00299,2023-03-22,Vihaan Shaikh,2500,UPI,Sportathon Fund,Nashik
RCPT-00300,2023-03-18,Sai Rane,1500,UPI,General Fund,Pune
