trip_id,date,vehicle,driver,purpose,start_km,end_km,km_travelled,fuel_cost
TRP-00001,17/04/2025,MH12EF9012 (Activa),Rukhsar Thorat,Field visit,14117,14253,136,895.85
TRP-00002,12/09/2025,MH12EF9012 (Activa),Prashant Khan,Camp transport,38983,39137,154,1274.7
TRP-00003,08/05/2025,MH12EF9012 (Activa),Ganesh Sheikh,Office errand,42624,42732,108,798.5
TRP-00004,17/05/2025,MH12EF9012 (Activa),Prashant Khan,Material delivery,34019,34128,109,771.87
TRP-00005,29/06/2025,MH14CD5678 (Scorpio),Prashant Khan,Material delivery,75918,75953,35,272.76
TRP-00006,23/07/2025,MH12AB1234 (Bolero),Rukhsar Thorat,Field visit,13477,13635,158,1251.84
TRP-00007,31/08/2025,MH12EF9012 (Activa),Divya Deshmukh,Material delivery,65299,65343,44,369.15
TRP-00008,05/06/2025,MH12EF9012 (Activa),Divya Deshmukh,Office errand,47532,47647,115,967.71
TRP-00009,08/04/2025,MH12AB1234 (Bolero),Ganesh Sheikh,Meeting,30733,30761,28,198.44
TRP-00010,10/06/2025,MH12AB1234 (Bolero),Divya Deshmukh,Field visit,55208,55348,140,1060.51
TRP-00011,04/07/2025,MH12AB1234 (Bolero),Ganesh Sheikh,Office errand,67424,67451,27,194.73
TRP-00012,15/08/2025,MH14CD5678 (Scorpio),Divya Deshmukh,Field visit,55249,55300,51,334.5
TRP-00013,16/04/2025,MH12EF9012 (Activa),Rukhsar Thorat,Material delivery,15659,15781,122,801.93
TRP-00014,28/08/2025,MH14CD5678 (Scorpio),Ganesh Sheikh,Material delivery,38178,38233,55,444.99
TRP-00015,14/09/2025,MH14CD5678 (Scorpio),Ganesh Sheikh,Meeting,53482,53628,146,1063.03
TRP-00016,24/05/2025,MH14CD5678 (Scorpio),Divya Deshmukh,Meeting,31002,31111,109,883.1
TRP-00017,28/04/2025,MH12AB1234 (Bolero),Rukhsar Thorat,Meeting,24867,25040,173,1307.71
TRP-00018,19/09/2025,MH14CD5678 (Scorpio),Prashant Khan,Camp transport,53960,54027,67,519.75
TRP-00019,21/05/2025,MH12EF9012 (Activa),Rukhsar Thorat,Camp transport,44199,44219,20,151.38
TRP-00020,21/04/2025,MH12AB1234 (Bolero),Rukhsar Thorat,Meeting,31429,31578,149,1074.25
TRP-00021,25/05/2025,MH14CD5678 (Scorpio),Ganesh Sheikh,Field visit,44338,44356,18,131.54
TRP-00022,20/06/2025,MH12AB1234 (Bolero),Prashant Khan,Office errand,36627,36796,169,1305.59
TRP-00023,02/08/2025,MH12EF9012 (Activa),Prashant Khan,Material delivery,53292,53325,33,214.89
TRP-00024,05/09/2025,MH12AB1234 (Bolero),Divya Deshmukh,Office errand,79513,79560,47,317.89
TRP-00025,20/08/2025,MH12EF9012 (Activa),Divya Deshmukh,Camp transport,40022,40140,118,854.86
TRP-00026,26/05/2025,MH14CD5678 (Scorpio),Rukhsar Thorat,Material delivery,65979,66101,122,875.23
TRP-00027,07/05/2025,MH12AB1234 (Bolero),Ganesh Sheikh,Camp transport,59635,59696,61,442.31
TRP-00028,16/08/2025,MH14CD5678 (Scorpio),Rukhsar Thorat,Camp transport,63913,64059,146,1155.86
TRP-00029,13/08/2025,MH12AB1234 (Bolero),Ganesh Sheikh,Camp transport,72958,73087,129,1035.33
TRP-00030,22/07/2025,MH12EF9012 (Activa),Divya Deshmukh,Meeting,23585,23647,62,465.95
TRP-00031,21/09/2025,MH12AB1234 (Bolero),Ganesh Sheikh,Field visit,47006,47050,44,323.18
TRP-00032,03/05/2025,MH12EF9012 (Activa),Ganesh Sheikh,Field visit,58524,58578,54,388.15
TRP-00033,22/06/2025,MH12AB1234 (Bolero),Divya Deshmukh,Meeting,47664,47739,75,611.15
TRP-00034,08/07/2025,MH14CD5678 (Scorpio),Divya Deshmukh,Field visit,78068,78117,49,331.35
TRP-00035,20/05/2025,MH14CD5678 (Scorpio),Ganesh Sheikh,Field visit,72277,72442,165,1263.81
TRP-00036,01/06/2025,MH12EF9012 (Activa),Rukhsar Thorat,Field visit,78598,78767,169,1316.23
TRP-00037,17/04/2025,MH12EF9012 (Activa),Ganesh Sheikh,Field visit,15591,15625,34,251.52
TRP-00038,16/09/2025,MH12AB1234 (Bolero),Divya Deshmukh,Field visit,65247,65342,95,707.47
TRP-00039,19/05/2025,MH12EF9012 (Activa),Rukhsar Thorat,Field visit,72002,72142,140,1156.47
TRP-00040,23/09/2025,MH12EF9012 (Activa),Ganesh Sheikh,Field visit,16351,16376,25,199.34
TRP-00041,13/08/2025,MH12EF9012 (Activa),Ganesh Sheikh,Field visit,27748,27773,25,192.63
TRP-00042,30/06/2025,MH14CD5678 (Scorpio),Divya Deshmukh,Field visit,31649,31752,103,791.91
TRP-00043,18/09/2025,MH12EF9012 (Activa),Prashant Khan,Material delivery,72912,73012,100,764.12
TRP-00044,30/05/2025,MH12AB1234 (Bolero),Divya Deshmukh,Camp transport,23317,23476,159,1043.81
TRP-00045,04/07/2025,MH12EF9012 (Activa),Prashant Khan,Meeting,40631,40666,35,254.85
TRP-00046,22/09/2025,MH14CD5678 (Scorpio),Prashant Khan,Field visit,37178,37239,61,461.24
TRP-00047,07/07/2025,MH14CD5678 (Scorpio),Ganesh Sheikh,Material delivery,21087,21241,154,1070.1
TRP-00048,28/06/2025,MH12AB1234 (Bolero),Rukhsar Thorat,Meeting,21377,21487,110,857.45
TRP-00049,22/04/2025,MH14CD5678 (Scorpio),Divya Deshmukh,Field visit,19235,19328,93,689.79
TRP-00050,27/05/2025,MH12AB1234 (Bolero),Prashant Khan,Office errand,30439,30521,82,668.02
TRP-00051,10/07/2025,MH12AB1234 (Bolero),Divya Deshmukh,Field visit,70723,70885,162,1245.24
TRP-00052,19/05/2025,MH12EF9012 (Activa),Prashant Khan,Meeting,56034,56170,136,1029.25
TRP-00053,11/06/2025,MH14CD5678 (Scorpio),Divya Deshmukh,Meeting,23826,23884,58,433.9
TRP-00054,28/05/2025,MH14CD5678 (Scorpio),Rukhsar Thorat,Field visit,65058,65200,142,1185.26
TRP-00055,18/07/2025,MH12AB1234 (Bolero),Rukhsar Thorat,Camp transport,38225,38403,178,1490.31
TRP-00056,10/06/2025,MH12AB1234 (Bolero),Ganesh Sheikh,Meeting,25730,25759,29,188.64
TRP-00057,25/05/2025,MH12EF9012 (Activa),Rukhsar Thorat,Material delivery,61716,61815,99,826.9
TRP-00058,22/06/2025,MH12AB1234 (Bolero),Ganesh Sheikh,Meeting,49912,49945,33,225.55
TRP-00059,09/07/2025,MH12AB1234 (Bolero),Ganesh Sheikh,Office errand,46566,46589,23,154.59
TRP-00060,27/07/2025,MH14CD5678 (Scorpio),Prashant Khan,Material delivery,18572,18616,44,329.94
TRP-00061,27/05/2025,MH12EF9012 (Activa),Ganesh Sheikh,Meeting,21081,21104,23,163.33
TRP-00062,28/04/2025,MH12EF9012 (Activa),Prashant Khan,Field visit,17566,17703,137,1093.16
TRP-00063,23/08/2025,MH12AB1234 (Bolero),Divya Deshmukh,Meeting,68447,68593,146,977.71
TRP-00064,30/05/2025,MH14CD5678 (Scorpio),Rukhsar Thorat,Meeting,30602,30694,92,675.34
TRP-00065,15/05/2025,MH12AB1234 (Bolero),Prashant Khan,Material delivery,53960,54061,101,826.0
TRP-00066,26/04/2025,MH12AB1234 (Bolero),Prashant Khan,Camp transport,66646,66825,179,1222.88
TRP-00067,27/07/2025,MH12AB1234 (Bolero),Rukhsar Thorat,Field visit,60747,60832,85,666.38
TRP-00068,14/08/2025,MH12AB1234 (Bolero),Divya Deshmukh,Material delivery,21901,22079,178,1212.98
TRP-00069,15/07/2025,MH12EF9012 (Activa),Divya Deshmukh,Camp transport,24522,24699,177,1361.03
TRP-00070,27/08/2025,MH12AB1234 (Bolero),Rukhsar Thorat,Material delivery,48841,48994,153,1003.0
TRP-00071,10/06/2025,MH14CD5678 (Scorpio),Divya Deshmukh,Office errand,26898,27042,144,1123.36
TRP-00072,07/05/2025,MH12EF9012 (Activa),Prashant Khan,Office errand,33453,33531,78,544.08
TRP-00073,23/09/2025,MH12EF9012 (Activa),Divya Deshmukh,Office errand,52427,52574,147,1049.77
TRP-00074,10/08/2025,MH12AB1234 (Bolero),Ganesh Sheikh,Material delivery,69393,69571,178,1356.93
TRP-00075,06/08/2025,MH12EF9012 (Activa),Ganesh Sheikh,Material delivery,78685,78778,93,707.3
TRP-00076,16/05/2025,MH12AB1234 (Bolero),Prashant Khan,Meeting,16433,16484,51,412.33
TRP-00077,11/07/2025,MH12AB1234 (Bolero),Divya Deshmukh,Office errand,11907,12002,95,636.63
TRP-00078,02/06/2025,MH14CD5678 (Scorpio),Rukhsar Thorat,Office errand,18026,18087,61,452.36
TRP-00079,19/08/2025,MH14CD5678 (Scorpio),Divya Deshmukh,Camp transport,19597,19657,60,484.95
TRP-00080,03/08/2025,MH14CD5678 (Scorpio),Divya Deshmukh,Field visit,12793,12820,27,185.93
TRP-00081,12/09/2025,MH12AB1234 (Bolero),Divya Deshmukh,Camp transport,35829,35990,161,1286.78
TRP-00082,26/08/2025,MH14CD5678 (Scorpio),Divya Deshmukh,Field visit,70737,70856,119,989.88
TRP-00083,07/05/2025,MH12EF9012 (Activa),Rukhsar Thorat,Field visit,68384,68429,45,372.9
TRP-00084,29/09/2025,MH12AB1234 (Bolero),Prashant Khan,Field visit,29437,29600,163,1322.96
TRP-00085,25/07/2025,MH14CD5678 (Scorpio),Prashant Khan,Meeting,20921,20969,48,328.78
TRP-00086,13/06/2025,MH12EF9012 (Activa),Divya Deshmukh,Field visit,23011,23099,88,677.05
TRP-00087,07/04/2025,MH12AB1234 (Bolero),Rukhsar Thorat,Camp transport,13991,14151,160,1188.52
TRP-00088,17/04/2025,MH14CD5678 (Scorpio),Divya Deshmukh,Material delivery,60109,60235,126,979.39
TRP-00089,03/07/2025,MH12AB1234 (Bolero),Rukhsar Thorat,Material delivery,10412,10559,147,980.58
TRP-00090,24/09/2025,MH14CD5678 (Scorpio),Prashant Khan,Material delivery,18304,18463,159,1113.67
TRP-00091,07/07/2025,MH12AB1234 (Bolero),Rukhsar Thorat,Field visit,26567,26721,154,1153.49
TRP-00092,07/05/2025,MH12AB1234 (Bolero),Prashant Khan,Material delivery,32521,32682,161,1142.77
TRP-00093,03/08/2025,MH12AB1234 (Bolero),Ganesh Sheikh,Office errand,70869,70958,89,621.81
TRP-00094,29/05/2025,MH14CD5678 (Scorpio),Divya Deshmukh,Material delivery,58931,59073,142,1166.23
TRP-00095,07/08/2025,MH12EF9012 (Activa),Divya Deshmukh,Field visit,68157,68280,123,961.35
TRP-00096,02/05/2025,MH14CD5678 (Scorpio),Ganesh Sheikh,Camp transport,76882,76960,78,636.55
TRP-00097,14/09/2025,MH12AB1234 (Bolero),Ganesh Sheikh,Meeting,49489,49597,108,870.63
TRP-00098,02/06/2025,MH12AB1234 (Bolero),Ganesh Sheikh,Camp transport,33606,33778,172,1145.96
TRP-00099,25/04/2025,MH14CD5678 (Scorpio),Prashant Khan,Material delivery,63437,63531,94,640.62
TRP-00100,26/04/2025,MH12EF9012 (Activa),Ganesh Sheikh,Meeting,34327,34494,167,1312.12
TRP-00101,12/06/2025,MH12EF9012 (Activa),Rukhsar Thorat,Material delivery,77443,77533,90,724.08
TRP-00102,15/04/2025,MH14CD5678 (Scorpio),Rukhsar Thorat,Field visit,22385,22460,75,553.88
TRP-00103,29/08/2025,MH12EF9012 (Activa),Rukhsar Thorat,Meeting,79623,79742,119,955.44
TRP-00104,14/04/2025,MH12EF9012 (Activa),Divya Deshmukh,Office errand,53196,53238,42,314.86
TRP-00105,27/06/2025,MH12EF9012 (Activa),Rukhsar Thorat,Field visit,38857,38985,128,1087.84
TRP-00106,06/09/2025,MH12AB1234 (Bolero),Prashant Khan,Meeting,20162,20280,118,982.47
TRP-00107,02/07/2025,MH14CD5678 (Scorpio),Ganesh Sheikh,Office errand,57008,57154,146,1200.34
TRP-00108,27/04/2025,MH12AB1234 (Bolero),Rukhsar Thorat,Meeting,64267,64421,154,1139.3
TRP-00109,01/08/2025,MH12EF9012 (Activa),Prashant Khan,Camp transport,25188,25335,147,1121.43
TRP-00110,05/08/2025,MH14CD5678 (Scorpio),Prashant Khan,Material delivery,21268,21380,112,942.26
TRP-00111,18/08/2025,MH14CD5678 (Scorpio),Ganesh Sheikh,Field visit,10113,10154,41,306.77
TRP-00112,13/05/2025,MH12EF9012 (Activa),Prashant Khan,Office errand,33881,34056,175,1484.9
TRP-00113,17/04/2025,MH12EF9012 (Activa),Prashant Khan,Material delivery,22553,22570,17,138.8
TRP-00114,09/08/2025,MH14CD5678 (Scorpio),Prashant Khan,Office errand,18014,18184,170,1279.09
TRP-00115,18/05/2025,MH14CD5678 (Scorpio),Prashant Khan,Material delivery,41045,41079,34,279.26
TRP-00116,15/07/2025,MH14CD5678 (Scorpio),Rukhsar Thorat,Meeting,58595,58616,21,161.01
TRP-00117,01/06/2025,MH14CD5678 (Scorpio),Ganesh Sheikh,Office errand,54143,54234,91,610.22
TRP-00118,18/05/2025,MH12EF9012 (Activa),Divya Deshmukh,Camp transport,47382,47443,61,417.8
TRP-00119,21/05/2025,MH14CD5678 (Scorpio),Rukhsar Thorat,Office errand,46272,46430,158,1055.66
TRP-00120,25/09/2025,MH12EF9012 (Activa),Rukhsar Thorat,Office errand,27995,28118,123,1000.12
TRP-00121,13/05/2025,MH12AB1234 (Bolero),Ganesh Sheikh,Camp transport,67688,67851,163,1288.59
TRP-00122,14/05/2025,MH14CD5678 (Scorpio),Prashant Khan,Material delivery,63291,63455,164,1291.78
TRP-00123,19/05/2025,MH12EF9012 (Activa),Rukhsar Thorat,Camp transport,35957,36101,144,1115.82
TRP-00124,07/09/2025,MH12AB1234 (Bolero),Divya Deshmukh,Office errand,79010,79174,164,1166.25
TRP-00125,16/06/2025,MH12EF9012 (Activa),Divya Deshmukh,Camp transport,25365,25392,27,182.35
TRP-00126,20/05/2025,MH12EF9012 (Activa),Rukhsar Thorat,Material delivery,40524,40678,154,1069.15
TRP-00127,19/04/2025,MH14CD5678 (Scorpio),Ganesh Sheikh,Meeting,16894,16958,64,473.28
TRP-00128,19/06/2025,MH12EF9012 (Activa),Rukhsar Thorat,Material delivery,30691,30797,106,830.87
TRP-00129,07/05/2025,MH12AB1234 (Bolero),Prashant Khan,Meeting,74437,74542,105,684.4
TRP-00130,05/09/2025,MH12EF9012 (Activa),Prashant Khan,Meeting,73991,74085,94,680.42
TRP-00131,27/07/2025,MH14CD5678 (Scorpio),Prashant Khan,Office errand,23147,23257,110,729.81
TRP-00132,26/05/2025,MH12AB1234 (Bolero),Divya Deshmukh,Field visit,66024,66102,78,576.39
TRP-00133,16/09/2025,MH12EF9012 (Activa),Divya Deshmukh,Office errand,56530,56655,125,815.18
TRP-00134,16/05/2025,MH14CD5678 (Scorpio),Ganesh Sheikh,Material delivery,42853,42942,89,687.01
TRP-00135,20/06/2025,MH12AB1234 (Bolero),Rukhsar Thorat,Meeting,66452,66629,177,1309.4
TRP-00136,15/07/2025,MH14CD5678 (Scorpio),Prashant Khan,Office errand,30419,30588,169,1401.38
TRP-00137,14/09/2025,MH12EF9012 (Activa),Prashant Khan,Office errand,47346,47494,148,1170.26
TRP-00138,20/04/2025,MH12EF9012 (Activa),Divya Deshmukh,Office errand,28995,29123,128,1052.66
TRP-00139,18/08/2025,MH12EF9012 (Activa),Prashant Khan,Material delivery,73978,74134,156,1214.34
TRP-00140,13/07/2025,MH12EF9012 (Activa),Rukhsar Thorat,Material delivery,75443,75594,151,997.98
TRP-00141,16/08/2025,MH14CD5678 (Scorpio),Divya Deshmukh,Material delivery,46606,46639,33,241.32
TRP-00142,25/05/2025,MH12EF9012 (Activa),Ganesh Sheikh,Meeting,56922,56959,37,308.82
TRP-00143,30/05/2025,MH12AB1234 (Bolero),Rukhsar Thorat,Meeting,70346,70441,95,692.41
TRP-00144,27/06/2025,MH12EF9012 (Activa),Rukhsar Thorat,Material delivery,76531,76594,63,453.82
TRP-00145,14/04/2025,MH12EF9012 (Activa),Divya Deshmukh,Office errand,69131,69210,79,555.78
TRP-00146,21/05/2025,MH14CD5678 (Scorpio),Divya Deshmukh,Meeting,20378,20472,94,618.17
TRP-00147,05/04/2025,MH12AB1234 (Bolero),Rukhsar Thorat,Meeting,43164,43192,28,196.0
TRP-00148,15/09/2025,MH12EF9012 (Activa),Divya Deshmukh,Field visit,11779,11946,167,1180.1
TRP-00149,08/05/2025,MH12AB1234 (Bolero),Divya Deshmukh,Field visit,68406,68522,116,829.94
TRP-00150,14/07/2025,MH12EF9012 (Activa),Divya Deshmukh,Office errand,58249,58426,177,1326.04
TRP-00151,26/05/2025,MH14CD5678 (Scorpio),Ganesh Sheikh,Material delivery,49058,49092,34,280.69
TRP-00152,25/06/2025,MH14CD5678 (Scorpio),Rukhsar Thorat,Office errand,72820,72891,71,518.56
TRP-00153,20/04/2025,MH14CD5678 (Scorpio),Rukhsar Thorat,Material delivery,32373,32504,131,1018.4
TRP-00154,12/06/2025,MH12AB1234 (Bolero),Prashant Khan,Office errand,44533,44604,71,580.55
TRP-00155,12/07/2025,MH14CD5678 (Scorpio),Prashant Khan,Field visit,65687,65852,165,1189.29
TRP-00156,23/07/2025,MH12AB1234 (Bolero),Divya Deshmukh,Meeting,25513,25591,78,595.4
TRP-00157,10/05/2025,MH12EF9012 (Activa),Prashant Khan,Office errand,63535,63652,117,964.28
TRP-00158,24/07/2025,MH12EF9012 (Activa),Divya Deshmukh,Office errand,78661,78703,42,304.33
TRP-00159,26/04/2025,MH12EF9012 (Activa),Prashant Khan,Material delivery,10013,10179,166,1169.39
TRP-00160,16/09/2025,MH14CD5678 (Scorpio),Divya Deshmukh,Material delivery,38141,38258,117,986.71
TRP-00161,23/05/2025,MH12AB1234 (Bolero),Ganesh Sheikh,Material delivery,44373,44480,107,860.47
TRP-00162,10/08/2025,MH12AB1234 (Bolero),Divya Deshmukh,Field visit,33882,34002,120,852.59
TRP-00163,24/04/2025,MH12AB1234 (Bolero),Rukhsar Thorat,Office errand,71490,71518,28,205.7
TRP-00164,10/07/2025,MH14CD5678 (Scorpio),Rukhsar Thorat,Office errand,28772,28946,174,1151.57
TRP-00165,25/09/2025,MH12EF9012 (Activa),Divya Deshmukh,Office errand,13359,13413,54,451.24
TRP-00166,26/06/2025,MH12EF9012 (Activa),Divya Deshmukh,Material delivery,35947,36018,71,593.61
TRP-00167,30/05/2025,MH12AB1234 (Bolero),Divya Deshmukh,Material delivery,33164,33267,103,841.59
TRP-00168,11/09/2025,MH12EF9012 (Activa),Rukhsar Thorat,Meeting,12020,12118,98,721.08
TRP-00169,14/04/2025,MH12AB1234 (Bolero),Prashant Khan,Camp transport,65688,65807,119,989.34
TRP-00170,10/06/2025,MH12AB1234 (Bolero),Rukhsar Thorat,Field visit,10571,10653,82,619.06
TRP-00171,13/04/2025,MH12EF9012 (Activa),Divya Deshmukh,Material delivery,20003,20169,166,1352.47
TRP-00172,27/07/2025,MH12AB1234 (Bolero),Ganesh Sheikh,Camp transport,43188,43255,67,523.19
TRP-00173,28/06/2025,MH14CD5678 (Scorpio),Rukhsar Thorat,Camp transport,46817,46945,128,933.35
TRP-00174,27/04/2025,MH12EF9012 (Activa),Prashant Khan,Camp transport,21130,21160,30,242.82
TRP-00175,09/07/2025,MH14CD5678 (Scorpio),Divya Deshmukh,Office errand,29091,29115,24,179.98
TRP-00176,13/05/2025,MH12AB1234 (Bolero),Prashant Khan,Office errand,71922,72055,133,887.54
TRP-00177,07/08/2025,MH14CD5678 (Scorpio),Divya Deshmukh,Office errand,68140,68242,102,726.49
TRP-00178,28/07/2025,MH12AB1234 (Bolero),Rukhsar Thorat,Camp transport,15539,15614,75,495.14
TRP-00179,27/05/2025,MH12EF9012 (Activa),Rukhsar Thorat,Camp transport,55830,55958,128,1023.81
TRP-00180,06/07/2025,MH12AB1234 (Bolero),Divya Deshmukh,Office errand,39342,39484,142,1190.56
TRP-00181,21/06/2025,MH12EF9012 (Activa),Ganesh Sheikh,Field visit,11336,11512,176,1381.48
TRP-00182,19/08/2025,MH12AB1234 (Bolero),Ganesh Sheikh,Field visit,40315,40339,24,180.71
TRP-00183,28/08/2025,MH12AB1234 (Bolero),Divya Deshmukh,Camp transport,11872,11938,66,456.54
TRP-00184,20/05/2025,MH12AB1234 (Bolero),Divya Deshmukh,Field visit,73366,73429,63,506.99
TRP-00185,04/09/2025,MH14CD5678 (Scorpio),Ganesh Sheikh,Meeting,11860,11951,91,748.66
TRP-00186,28/05/2025,MH12AB1234 (Bolero),Ganesh Sheikh,Field visit,63843,63925,82,648.74
TRP-00187,27/08/2025,MH12AB1234 (Bolero),Ganesh Sheikh,Material delivery,68551,68591,40,272.77
TRP-00188,16/08/2025,MH12EF9012 (Activa),Rukhsar Thorat,Material delivery,53424,53574,150,1170.89
TRP-00189,01/08/2025,MH12EF9012 (Activa),Divya Deshmukh,Camp transport,19833,19885,52,405.98
TRP-00190,14/06/2025,MH12EF9012 (Activa),Ganesh Sheikh,Material delivery,38106,38230,124,968.98
TRP-00191,22/09/2025,MH12AB1234 (Bolero),Prashant Khan,Camp transport,30116,30145,29,200.54
TRP-00192,24/07/2025,MH12AB1234 (Bolero),Ganesh Sheikh,Material delivery,68712,68771,59,468.05
TRP-00193,04/04/2025,MH12EF9012 (Activa),Rukhsar Thorat,Office errand,36061,36164,103,799.47
TRP-00194,14/06/2025,MH14CD5678 (Scorpio),Rukhsar Thorat,Material delivery,43004,43179,175,1199.65
TRP-00195,26/08/2025,MH12EF9012 (Activa),Ganesh Sheikh,Field visit,54310,54406,96,680.66
TRP-00196,09/05/2025,MH12EF9012 (Activa),Ganesh Sheikh,Material delivery,22633,22766,133,872.95
TRP-00197,21/09/2025,MH14CD5678 (Scorpio),Rukhsar Thorat,Office errand,45389,45472,83,581.2
TRP-00198,18/04/2025,MH14CD5678 (Scorpio),Divya Deshmukh,Meeting,45954,46012,58,482.9
TRP-00199,19/06/2025,MH14CD5678 (Scorpio),Ganesh Sheikh,Material delivery,66816,66876,60,466.3
TRP-00200,14/07/2025,MH12AB1234 (Bolero),Prashant Khan,Material delivery,12362,12523,161,1270.71
TRP-00201,08/07/2025,MH12EF9012 (Activa),Ganesh Sheikh,Office errand,26844,26866,22,177.26
TRP-00202,03/09/2025,MH12AB1234 (Bolero),Rukhsar Thorat,Field visit,41323,41453,130,1017.84
TRP-00203,29/06/2025,MH14CD5678 (Scorpio),Ganesh Sheikh,Field visit,37224,37294,70,476.25
TRP-00204,28/07/2025,MH12EF9012 (Activa),Divya Deshmukh,Office errand,14687,14814,127,1006.09
TRP-00205,06/05/2025,MH12EF9012 (Activa),Prashant Khan,Meeting,45800,45907,107,755.45
TRP-00206,22/06/2025,MH12AB1234 (Bolero),Ganesh Sheikh,Material delivery,43924,43976,52,347.36
TRP-00207,17/07/2025,MH12EF9012 (Activa),Rukhsar Thorat,Camp transport,48626,48767,141,1058.05
TRP-00208,21/08/2025,MH14CD5678 (Scorpio),Rukhsar Thorat,Camp transport,67893,68020,127,1078.51
TRP-00209,22/07/2025,MH12AB1234 (Bolero),Rukhsar Thorat,Meeting,60629,60647,18,152.78
TRP-00210,14/05/2025,MH14CD5678 (Scorpio),Divya Deshmukh,Office errand,31428,31484,56,413.96
TRP-00211,15/06/2025,MH12AB1234 (Bolero),Ganesh Sheikh,Material delivery,24023,24097,74,547.03
TRP-00212,23/06/2025,MH14CD5678 (Scorpio),Prashant Khan,Meeting,75813,75968,155,1167.6
TRP-00213,30/04/2025,MH14CD5678 (Scorpio),Rukhsar Thorat,Meeting,64409,64512,103,734.32
TRP-00214,08/07/2025,MH12AB1234 (Bolero),Rukhsar Thorat,Office errand,71841,71981,140,1174.65
TRP-00215,27/05/2025,MH12AB1234 (Bolero),Rukhsar Thorat,Material delivery,20097,20254,157,1055.24
TRP-00216,14/06/2025,MH12EF9012 (Activa),Divya Deshmukh,Material delivery,38312,38348,36,299.01
TRP-00217,02/08/2025,MH12AB1234 (Bolero),Prashant Khan,Field visit,11273,11310,37,294.57
TRP-00218,25/09/2025,MH12AB1234 (Bolero),Prashant Khan,Meeting,55393,55412,19,126.1
TRP-00219,23/08/2025,MH14CD5678 (Scorpio),Prashant Khan,Camp transport,34555,34735,180,1513.45
TRP-00220,29/08/2025,MH12AB1234 (Bolero),Ganesh Sheikh,Material delivery,74202,74367,165,1300.15
TRP-00221,28/08/2025,MH12EF9012 (Activa),Prashant Khan,Office errand,57329,57475,146,1062.53
TRP-00222,01/08/2025,MH12AB1234 (Bolero),Rukhsar Thorat,Meeting,12048,12167,119,803.43
TRP-00223,02/08/2025,MH12AB1234 (Bolero),Prashant Khan,Material delivery,42463,42529,66,529.73
TRP-00224,13/05/2025,MH12EF9012 (Activa),Ganesh Sheikh,Material delivery,62008,62122,114,944.45
TRP-00225,07/05/2025,MH12EF9012 (Activa),Rukhsar Thorat,Field visit,37192,37209,17,123.88
TRP-00226,10/04/2025,MH12AB1234 (Bolero),Ganesh Sheikh,Office errand,36562,36578,16,117.5
TRP-00227,15/04/2025,MH12AB1234 (Bolero),Prashant Khan,Camp transport,38893,39020,127,1011.26
TRP-00228,28/08/2025,MH12EF9012 (Activa),Ganesh Sheikh,Material delivery,18837,18927,90,638.58
TRP-00229,29/09/2025,MH12EF9012 (Activa),Divya Deshmukh,Meeting,63237,63382,145,1183.46
TRP-00230,29/04/2025,MH12EF9012 (Activa),Rukhsar Thorat,Camp transport,29216,29245,29,230.61
TRP-00231,29/08/2025,MH12AB1234 (Bolero),Rukhsar Thorat,Field visit,75591,75613,22,146.97
TRP-00232,07/04/2025,MH12EF9012 (Activa),Divya Deshmukh,Material delivery,14028,14082,54,417.28
TRP-00233,24/08/2025,MH12EF9012 (Activa),Rukhsar Thorat,Camp transport,67168,67298,130,894.47
TRP-00234,07/04/2025,MH14CD5678 (Scorpio),Divya Deshmukh,Field visit,71794,71855,61,412.76
TRP-00235,04/05/2025,MH12AB1234 (Bolero),Rukhsar Thorat,Material delivery,46491,46509,18,131.34
TRP-00236,30/08/2025,MH12AB1234 (Bolero),Divya Deshmukh,Office errand,25748,25790,42,303.82
TRP-00237,06/09/2025,MH14CD5678 (Scorpio),Rukhsar Thorat,Camp transport,45146,45277,131,928.11
TRP-00238,02/05/2025,MH14CD5678 (Scorpio),Divya Deshmukh,Meeting,22091,22239,148,1075.02
TRP-00239,12/09/2025,MH12EF9012 (Activa),Prashant Khan,Camp transport,34711,34790,79,669.45
TRP-00240,13/08/2025,MH12AB1234 (Bolero),Divya Deshmukh,Material delivery,37166,37233,67,491.85
TRP-00241,16/06/2025,MH14CD5678 (Scorpio),Ganesh Sheikh,Office errand,29530,29695,165,1087.19
TRP-00242,07/04/2025,MH14CD5678 (Scorpio),Prashant Khan,Meeting,42245,42397,152,1005.14
TRP-00243,01/07/2025,MH14CD5678 (Scorpio),Ganesh Sheikh,Office errand,49344,49389,45,365.25
TRP-00244,29/07/2025,MH12AB1234 (Bolero),Ganesh Sheikh,Camp transport,39126,39245,119,954.41
TRP-00245,10/04/2025,MH12AB1234 (Bolero),Divya Deshmukh,Material delivery,78584,78604,20,131.29
TRP-00246,14/04/2025,MH14CD5678 (Scorpio),Ganesh Sheikh,Office errand,61618,61795,177,1470.32
TRP-00247,21/05/2025,MH14CD5678 (Scorpio),Rukhsar Thorat,Material delivery,54626,54765,139,988.86
TRP-00248,01/09/2025,MH12AB1234 (Bolero),Rukhsar Thorat,Office errand,60784,60919,135,1003.85
TRP-00249,01/06/2025,MH12AB1234 (Bolero),Ganesh Sheikh,Field visit,33387,33555,168,1183.16
TRP-00250,18/06/2025,MH12EF9012 (Activa),Prashant Khan,Meeting,73249,73358,109,777.7
TRP-00251,26/04/2025,MH12EF9012 (Activa),Rukhsar Thorat,Office errand,19400,19486,86,565.2
TRP-00252,06/09/2025,MH12EF9012 (Activa),Prashant Khan,Field visit,51826,51986,160,1319.81
TRP-00253,03/07/2025,MH12AB1234 (Bolero),Rukhsar Thorat,Material delivery,62584,62687,103,743.86
TRP-00254,30/09/2025,MH14CD5678 (Scorpio),Ganesh Sheikh,Material delivery,56859,57003,144,1090.53
TRP-00255,09/08/2025,MH14CD5678 (Scorpio),Ganesh Sheikh,Meeting,29660,29840,180,1352.53
TRP-00256,11/08/2025,MH12AB1234 (Bolero),Rukhsar Thorat,Camp transport,28097,28229,132,1094.45
TRP-00257,03/04/2025,MH14CD5678 (Scorpio),Divya Deshmukh,Camp transport,60907,60949,42,300.21
TRP-00258,13/08/2025,MH12AB1234 (Bolero),Prashant Khan,Meeting,28209,28244,35,241.96
TRP-00259,21/04/2025,MH12EF9012 (Activa),Rukhsar Thorat,Camp transport,32018,32105,87,693.62
TRP-00260,25/07/2025,MH14CD5678 (Scorpio),Prashant Khan,Office errand,35077,35113,36,241.58
TRP-00261,09/08/2025,MH12EF9012 (Activa),Divya Deshmukh,Camp transport,50580,50598,18,119.84
TRP-00262,06/05/2025,MH14CD5678 (Scorpio),Rukhsar Thorat,Camp transport,67537,67644,107,880.48
TRP-00263,14/09/2025,MH12AB1234 (Bolero),Prashant Khan,Material delivery,46600,46754,154,1013.26
TRP-00264,11/08/2025,MH14CD5678 (Scorpio),Prashant Khan,Material delivery,65822,65889,67,463.86
TRP-00265,25/04/2025,MH12AB1234 (Bolero),Rukhsar Thorat,Camp transport,77629,77781,152,1039.85
TRP-00266,11/09/2025,MH12AB1234 (Bolero),Divya Deshmukh,Material delivery,61073,61114,41,290.91
TRP-00267,04/07/2025,MH12AB1234 (Bolero),Rukhsar Thorat,Office errand,39388,39516,128,1033.89
TRP-00268,24/05/2025,MH12AB1234 (Bolero),Ganesh Sheikh,Material delivery,76496,76615,119,992.22
TRP-00269,16/09/2025,MH12AB1234 (Bolero),Ganesh Sheikh,Camp transport,31575,31690,115,773.57
TRP-00270,05/08/2025,MH12AB1234 (Bolero),Ganesh Sheikh,Camp transport,23194,23373,179,1483.53
TRP-00271,04/08/2025,MH12AB1234 (Bolero),Ganesh Sheikh,Field visit,45649,45767,118,903.48
TRP-00272,20/09/2025,MH14CD5678 (Scorpio),Divya Deshmukh,Meeting,42521,42668,147,957.76
TRP-00273,02/05/2025,MH12EF9012 (Activa),Divya Deshmukh,Office errand,66235,66361,126,968.73
TRP-00274,17/07/2025,MH12AB1234 (Bolero),Prashant Khan,Office errand,53000,53146,146,1010.46
TRP-00275,01/08/2025,MH12EF9012 (Activa),Prashant Khan,Material delivery,52188,52265,77,628.98
TRP-00276,15/07/2025,MH12AB1234 (Bolero),Prashant Khan,Field visit,53446,53604,158,1247.51
TRP-00277,22/09/2025,MH14CD5678 (Scorpio),Rukhsar Thorat,Camp transport,53253,53331,78,521.56
TRP-00278,19/04/2025,MH12EF9012 (Activa),Prashant Khan,Meeting,32118,32225,107,795.28
TRP-00279,29/08/2025,MH12AB1234 (Bolero),Rukhsar Thorat,Meeting,20768,20893,125,966.3
TRP-00280,24/08/2025,MH14CD5678 (Scorpio),Rukhsar Thorat,Office errand,44719,44811,92,603.88
TRP-00281,25/06/2025,MH12EF9012 (Activa),Divya Deshmukh,Material delivery,59175,59353,178,1207.79
TRP-00282,05/04/2025,MH12EF9012 (Activa),Ganesh Sheikh,Camp transport,61013,61030,17,133.9
TRP-00283,24/05/2025,MH12EF9012 (Activa),Divya Deshmukh,Field visit,36132,36254,122,823.56
TRP-00284,02/06/2025,MH14CD5678 (Scorpio),Rukhsar Thorat,Office errand,41813,41917,104,743.72
TRP-00285,02/06/2025,MH14CD5678 (Scorpio),Divya Deshmukh,Material delivery,15729,15863,134,1067.28
TRP-00286,30/07/2025,MH14CD5678 (Scorpio),Divya Deshmukh,Material delivery,66782,66874,92,645.93
TRP-00287,24/05/2025,MH12AB1234 (Bolero),Divya Deshmukh,Meeting,12477,12595,118,767.7
TRP-00288,28/07/2025,MH14CD5678 (Scorpio),Prashant Khan,Camp transport,61995,62030,35,269.25
TRP-00289,02/09/2025,MH12AB1234 (Bolero),Prashant Khan,Field visit,51060,51092,32,252.14
TRP-00290,30/06/2025,MH14CD5678 (Scorpio),Rukhsar Thorat,Field visit,76981,77142,161,1330.95
TRP-00291,17/08/2025,MH12AB1234 (Bolero),Divya Deshmukh,Office errand,60127,60148,21,165.86
TRP-00292,09/07/2025,MH12EF9012 (Activa),Ganesh Sheikh,Meeting,18398,18449,51,420.12
TRP-00293,14/06/2025,MH12AB1234 (Bolero),Rukhsar Thorat,Camp transport,70502,70669,167,1344.02
TRP-00294,12/08/2025,MH12EF9012 (Activa),Rukhsar Thorat,Meeting,73199,73313,114,774.86
TRP-00295,19/05/2025,MH12AB1234 (Bolero),Prashant Khan,Material delivery,52118,52248,130,1018.07
TRP-00296,24/04/2025,MH12EF9012 (Activa),Rukhsar Thorat,Material delivery,49768,49916,148,1057.58
TRP-00297,13/06/2025,MH12EF9012 (Activa),Prashant Khan,Material delivery,76556,76726,170,1200.05
TRP-00298,26/05/2025,MH12AB1234 (Bolero),Divya Deshmukh,Meeting,20118,20242,124,964.84
TRP-00299,15/07/2025,MH14CD5678 (Scorpio),Divya Deshmukh,Camp transport,63962,64137,175,1230.64
TRP-00300,23/05/2025,MH14CD5678 (Scorpio),Divya Deshmukh,Office errand,43773,43856,83,540.65
