Patient,Age,Sex,Complaint,Phone,Village,Fee
Imran Sayyed,5,F,"high BP, husband Sanjay Yadav to bring old prescription next visit",7435331274,Nasrapur,0
Dnyaneshwar Bhosale,14,M,"high BP, husband Roopa Sayyed to bring old prescription next visit",8495858712,Khed Shivapur,150
Deepak Shaikh,76,F,"stomach pain, mother Sunita Pawar says it worsens after meals",8273544430,Dongargaon,20
Faisal Gowda,56,M,"routine antenatal check, accompanied by Vidya Gaikwad",8996141080,Ambewadi,50
Meena Jadhav,12,F,"stomach pain, mother Asha Yadav says it worsens after meals",6774678077,Nasrapur,50
Ateeq Jadhav,49,F,"routine antenatal check, accompanied by Anil Shaikh",7266090281,Nasrapur,50
Manoj Bhosale,13,M,"fever and body ache for 2 days, seen earlier by Dr. Sangita Patil",7962147525,Sarpanchwadi,50
Fatima Reddy,18,M,"fever and body ache for 3 days, seen earlier by Dr. Faisal Sharma",8863480215,Umbraj,100
Pooja Bhosale,24,F,"high BP, husband Dnyaneshwar Kulkarni to bring old prescription next visit",6710567459,Kondhawale,150
Vikram Pawar,11,F,"skin rash on arms, prescribed by Dr. Manjunath Chauhan, review in a week",7237075764,Belsar,150
Deepak Gowda,55,M,"fever and body ache for 6 days, seen earlier by Dr. Deepak Reddy",9309547661,Khed Shivapur,20
Priya Patil,16,F,"stomach pain, mother Ateeq Chauhan says it worsens after meals",7836395688,Dongargaon,0
Suresh Gaikwad,61,F,"fever and body ache for 3 days, seen earlier by Dr. Kavita Jadhav",6321537598,Dongargaon,150
Santosh Naidu,24,M,"high BP, husband Priya Gaikwad to bring old prescription next visit",8587086471,Kanhe,0
Vidya Kulkarni,57,F,"stomach pain, mother Deepa Gaikwad says it worsens after meals",6795587522,Belsar,20
Sanjay Sharma,14,F,"stomach pain, mother Shabana Gowda says it worsens after meals",9555465283,Khed Shivapur,100
Fatima Rao,1,M,"routine antenatal check, accompanied by Shabana Naidu",6270140677,Kondhawale,150
Deepa Bhosale,42,M,"cough and cold, referred to Lata Sayyed for home follow-up",7265353857,Khed Shivapur,50
Meena Kumar,26,F,"routine antenatal check, accompanied by Santosh Pawar",7171719433,Belsar,150
Vidya Jadhav,64,M,"high BP, husband Vikram Chauhan to bring old prescription next visit",9915939572,Ambewadi,20
