Child ID,Child name,Gender,Age,DOB,School,Coach,Height cm,Weight kg,Shuttle run sec,Sit ups,Location,Parent contact,Notes
CFS0001,NAME_001,Male,15,2011,"PLACE_001, PLACE_002",NAME_203,151.4,34.5,11.0,32,PLACE_002,PHONE_001,"Enthusiastic participant, NAME_218."
CFS0002,NAME_002,Female,8,2018,"PLACE_003 Mandir High School, PLACE_004",NAME_204,128.1,39.4,8.9,12,PLACE_004,PHONE_002,"Enthusiastic participant, NAME_218."
CFS0003,NAME_003,Female,8,2017,"PLACE_005, PLACE_006",NAME_205,132.6,44.7,16.5,7,PLACE_006,PHONE_003,"Regular attendance, good improvement."
CFS0004,NAME_004,Female,9,2017,"NAME_200, PLACE_007",NAME_206,153.0,27.1,9.6,24,PLACE_007,PHONE_004,"Enthusiastic participant, NAME_218."
CFS0005,NAME_005,Male,7,2019,"PLACE_005, PLACE_008",NAME_207,145.3,22.2,12.2,14,PLACE_008,PHONE_005,"Regular attendance, good improvement."
CFS0006,NAME_006,Male,7,2019,"NAME_200, PLACE_009",NAME_208,152.8,43.9,13.9,32,PLACE_009,PHONE_006,Needs encouragement during warm-up.
CFS0007,NAME_007,Female,13,2013,"PLACE_003 Mandir High School, PLACE_010",NAME_207,123.6,21.1,14.5,19,PLACE_010,PHONE_007,Recovering from minor ankle sprain.
CFS0008,NAME_008,Male,10,2016,"Government Middle School, PLACE_011",NAME_209,136.9,39.0,15.0,23,PLACE_011,PHONE_008,Recovering from minor ankle sprain.
CFS0009,NAME_009,Female,16,2010,"Government Middle School, PLACE_012",NAME_203,130.5,20.9,16.3,12,PLACE_012,PHONE_009,Shows strong stamina for age group.
CFS0010,NAME_010,Male,14,2012,"PLACE_005, PLACE_013",NAME_210,141.1,43.5,16.6,32,PLACE_013,PHONE_010,"Enthusiastic participant, NAME_218."
CFS0011,NAME_011,Male,7,2018,"PLACE_014, PLACE_015",NAME_211,140.9,24.2,8.9,11,PLACE_015,PHONE_011,"Flagged to coach by NAME_219, reachable at PHONE_201."
CFS0012,NAME_012,Male,6,2019,"PLACE_016, PLACE_017",NAME_212,118.9,37.7,10.9,26,PLACE_017,PHONE_012,"Regular attendance, good improvement."
CFS0013,NAME_013,Female,6,2020,"PLACE_001, PLACE_018",NAME_208,143.1,29.0,15.5,14,PLACE_018,PHONE_013,"Regular attendance, good improvement."
CFS0014,NAME_014,Male,14,2012,"PLACE_014, PLACE_019",NAME_212,117.2,37.5,8.9,26,PLACE_019,PHONE_014,Recovering from minor ankle sprain.
CFS0015,NAME_015,Male,12,2014,"PLACE_001, PLACE_020",NAME_204,138.1,30.2,17.7,29,PLACE_020,PHONE_015,Recovering from minor ankle sprain.
CFS0016,NAME_016,Female,8,2017,"NAME_201, PLACE_021",NAME_208,106.7,30.2,13.2,22,PLACE_021,PHONE_016,"Regular attendance, good improvement."
CFS0017,NAME_017,Female,9,2016,"PLACE_001, PLACE_019",NAME_203,113.7,20.1,8.9,15,PLACE_019,PHONE_017,Recovering from minor ankle sprain.
CFS0018,NAME_018,Female,8,2018,"PLACE_001, PLACE_022",NAME_213,118.7,22.0,13.7,31,PLACE_022,PHONE_018,"Enthusiastic participant, NAME_218."
CFS0019,NAME_019,Female,7,2019,"Government Middle School, PLACE_023",NAME_207,148.7,21.5,11.5,11,PLACE_023,PHONE_019,Shows strong stamina for age group.
CFS0020,NAME_020,Female,10,2016,"PLACE_001, PLACE_024",NAME_210,107.0,33.1,13.4,21,PLACE_024,PHONE_020,Needs encouragement during warm-up.
CFS0021,NAME_021,Female,7,2018,"PLACE_003 Mandir High School, PLACE_025",NAME_209,143.9,43.6,14.8,29,PLACE_025,PHONE_021,Recovering from minor ankle sprain.
CFS0022,NAME_022,Male,7,2018,"PLACE_003 Mandir High School, PLACE_026",NAME_211,118.5,25.0,9.4,14,PLACE_026,PHONE_022,"Regular attendance, good improvement."
CFS0023,NAME_023,Male,16,2009,"Government Middle School, PLACE_027",NAME_211,153.7,29.7,10.5,9,PLACE_027,PHONE_023,Missed two sessions due to rain.
CFS0024,NAME_024,Male,13,2013,"Zilla Parishad Primary School, PLACE_002",NAME_214,142.1,22.5,14.5,22,PLACE_002,PHONE_024,Recovering from minor ankle sprain.
CFS0025,NAME_025,Male,14,2012,"NAME_201, PLACE_018",NAME_208,142.0,17.3,11.1,9,PLACE_018,PHONE_025,"Enthusiastic participant, NAME_218."
CFS0026,NAME_026,Male,11,2015,"PLACE_014, PLACE_028",NAME_207,149.4,30.1,11.9,31,PLACE_028,PHONE_026,Recovering from minor ankle sprain.
CFS0027,NAME_027,Male,10,2016,"PLACE_005, PLACE_026",NAME_213,111.4,45.5,12.4,29,PLACE_026,PHONE_027,"Enthusiastic participant, NAME_218."
CFS0028,NAME_028,Male,15,2011,"PLACE_001, PLACE_029",NAME_206,129.4,30.7,11.6,28,PLACE_029,PHONE_028,Missed two sessions due to rain.
CFS0029,NAME_029,Female,15,2010,"PLACE_005, PLACE_007",NAME_208,145.8,45.6,13.9,26,PLACE_007,PHONE_029,"Regular attendance, good improvement."
CFS0030,NAME_030,Male,11,2014,"PLACE_030 Primary School, PLACE_012",NAME_211,142.0,37.0,14.1,27,PLACE_012,PHONE_030,"Parent NAME_220 requested schedule change, PHONE_202."
CFS0031,NAME_031,Female,6,2020,"Government Middle School, PLACE_031",NAME_214,143.5,40.4,11.1,7,PLACE_031,PHONE_031,Recovering from minor ankle sprain.
CFS0032,NAME_032,Female,12,2014,"PLACE_001, PLACE_032",NAME_203,107.2,33.7,17.6,23,PLACE_032,PHONE_032,Needs encouragement during warm-up.
CFS0033,NAME_033,Male,16,2010,"PLACE_016, PLACE_007",NAME_204,113.0,29.0,11.1,10,PLACE_007,PHONE_033,"Enthusiastic participant, NAME_218."
CFS0034,NAME_034,Female,15,2011,"PLACE_001, PLACE_025",NAME_207,119.7,18.5,17.0,8,PLACE_025,PHONE_034,Shows strong stamina for age group.
CFS0035,NAME_035,Male,14,2012,"PLACE_003 Mandir High School, PLACE_017",NAME_215,114.3,18.0,14.2,28,PLACE_017,PHONE_035,Missed two sessions due to rain.
CFS0036,NAME_036,Female,11,2015,"NAME_200, PLACE_033",NAME_210,137.8,43.8,12.0,10,PLACE_033,PHONE_036,Needs encouragement during warm-up.
CFS0037,NAME_037,Male,16,2009,"PLACE_030 Primary School, PLACE_031",NAME_214,132.9,33.3,14.6,29,PLACE_031,PHONE_037,"Enthusiastic participant, NAME_218."
CFS0038,NAME_038,Female,15,2011,"NAME_200, PLACE_034",NAME_210,149.6,19.7,12.6,30,PLACE_034,PHONE_038,Shows strong stamina for age group.
CFS0039,NAME_039,Female,9,2017,"PLACE_001, PLACE_035",NAME_214,154.1,20.1,17.4,9,PLACE_035,PHONE_039,"Flagged to coach by NAME_221, reachable at PHONE_203."
CFS0040,NAME_040,Male,14,2011,"PLACE_003 Mandir High School, PLACE_035",NAME_205,113.0,19.3,16.7,17,PLACE_035,PHONE_040,"Enthusiastic participant, NAME_218."
CFS0041,NAME_041,Male,9,2016,"Government Middle School, PLACE_025",NAME_216,123.7,36.8,11.0,11,PLACE_025,PHONE_041,Missed two sessions due to rain.
CFS0042,NAME_042,Male,16,2010,"NAME_200, PLACE_013",NAME_206,114.8,38.7,13.1,30,PLACE_013,PHONE_042,Shows strong stamina for age group.
CFS0043,NAME_043,Male,6,2020,"PLACE_001, PLACE_036",NAME_203,144.8,25.0,13.2,32,PLACE_036,PHONE_043,"Enthusiastic participant, NAME_218."
CFS0044,NAME_044,Male,13,2012,"PLACE_014, PLACE_029",NAME_210,122.1,17.4,12.1,12,PLACE_029,PHONE_044,Needs encouragement during warm-up.
CFS0045,NAME_045,Male,8,2018,"NAME_200, PLACE_037",NAME_206,128.7,40.6,15.3,8,PLACE_037,PHONE_045,"Parent NAME_222 requested schedule change, ACCOUNT_001."
CFS0046,NAME_046,Female,9,2017,"PLACE_016, PLACE_038",NAME_205,150.1,26.3,11.1,18,PLACE_038,PHONE_046,Missed two sessions due to rain.
CFS0047,NAME_047,Female,11,2015,"NAME_201, PLACE_039",NAME_211,110.8,43.3,14.6,8,PLACE_039,PHONE_047,Missed two sessions due to rain.
CFS0048,NAME_048,Female,6,2019,"PLACE_003 Mandir High School, PLACE_040",NAME_215,108.1,21.6,11.7,23,PLACE_040,PHONE_048,Needs encouragement during warm-up.
CFS0049,NAME_049,Female,10,2016,"PLACE_003 Mandir High School, PLACE_028",NAME_215,133.9,22.8,9.1,19,PLACE_028,PHONE_049,Recovering from minor ankle sprain.
CFS0050,NAME_050,Male,16,2010,"PLACE_003 Mandir High School, PLACE_041",NAME_216,125.3,41.9,8.9,22,PLACE_041,PHONE_050,Recovering from minor ankle sprain.
CFS0051,NAME_051,Female,8,2018,"PLACE_030 Primary School, PLACE_021",NAME_204,108.5,25.4,11.9,25,PLACE_021,PHONE_051,Needs encouragement during warm-up.
CFS0052,NAME_052,Male,13,2013,"NAME_201, PLACE_002",NAME_215,122.8,23.6,13.2,12,PLACE_002,PHONE_052,Recovering from minor ankle sprain.
CFS0053,NAME_053,Male,11,2014,"PLACE_005, PLACE_032",NAME_207,125.5,23.5,16.2,8,PLACE_032,PHONE_053,"Enthusiastic participant, NAME_218."
CFS0054,NAME_054,Male,6,2020,"NAME_201, PLACE_012",NAME_206,140.5,44.7,14.4,31,PLACE_012,PHONE_054,"Regular attendance, good improvement."
CFS0055,NAME_055,Male,15,2011,"NAME_202, PLACE_013",NAME_216,139.1,31.6,16.8,29,PLACE_013,PHONE_055,Missed two sessions due to rain.
CFS0056,NAME_056,Female,14,2012,"Government Middle School, PLACE_042",NAME_217,134.3,40.6,11.2,22,PLACE_042,PHONE_056,Recovering from minor ankle sprain.
CFS0057,NAME_057,Female,9,2016,"PLACE_016, PLACE_043",NAME_215,139.9,28.5,12.0,22,PLACE_043,PHONE_057,Recovering from minor ankle sprain.
CFS0058,NAME_058,Female,7,2019,"PLACE_005, PLACE_042",NAME_211,142.7,38.2,10.4,11,PLACE_042,PHONE_058,Needs encouragement during warm-up.
CFS0059,NAME_059,Male,16,2010,"NAME_202, PLACE_032",NAME_216,143.0,17.0,17.0,11,PLACE_032,PHONE_059,"Regular attendance, good improvement."
CFS0060,NAME_060,Male,10,2016,"PLACE_005, PLACE_034",NAME_215,130.6,34.6,12.0,26,PLACE_034,PHONE_060,"Flagged to coach by NAME_223, reachable at PHONE_204."
CFS0061,NAME_061,Female,13,2013,"PLACE_030 Primary School, PLACE_018",NAME_207,110.1,45.3,10.3,30,PLACE_018,PHONE_061,"Enthusiastic participant, NAME_218."
CFS0062,NAME_062,Male,9,2016,"PLACE_005, PLACE_007",NAME_203,125.1,21.6,16.9,27,PLACE_007,PHONE_062,"Flagged to coach by NAME_224, reachable at PHONE_205."
CFS0063,NAME_063,Male,9,2017,"NAME_200, PLACE_008",NAME_206,147.0,30.1,16.4,21,PLACE_008,PHONE_063,"Flagged to coach by NAME_225, reachable at PHONE_206."
CFS0064,NAME_064,Male,14,2012,"PLACE_014, PLACE_021",NAME_213,132.1,19.4,13.0,18,PLACE_021,PHONE_064,Recovering from minor ankle sprain.
CFS0065,NAME_065,Male,13,2013,"Government Middle School, PLACE_026",NAME_217,122.0,34.2,14.1,16,PLACE_026,PHONE_065,"Regular attendance, good improvement."
CFS0066,NAME_066,Male,9,2017,"NAME_201, PLACE_018",NAME_206,130.5,26.6,11.3,16,PLACE_018,PHONE_066,Needs encouragement during warm-up.
CFS0067,NAME_067,Male,11,2015,"NAME_201, PLACE_036",NAME_214,123.4,30.7,13.9,26,PLACE_036,PHONE_067,"Regular attendance, good improvement."
CFS0068,NAME_068,Male,11,2015,"NAME_200, PLACE_010",NAME_216,153.1,38.9,9.4,11,PLACE_010,PHONE_068,"Flagged to coach by NAME_226, reachable at PHONE_207."
CFS0069,NAME_069,Female,8,2017,"PLACE_030 Primary School, PLACE_029",NAME_204,125.1,39.4,15.7,18,PLACE_029,PHONE_069,"Enthusiastic participant, NAME_218."
CFS0070,NAME_070,Male,16,2009,"PLACE_003 Mandir High School, PLACE_008",NAME_205,135.4,28.1,11.9,14,PLACE_008,PHONE_070,"Enthusiastic participant, NAME_218."
CFS0071,NAME_071,Female,15,2010,"PLACE_014, PLACE_042",NAME_205,107.5,33.8,13.2,7,PLACE_042,PHONE_071,Recovering from minor ankle sprain.
CFS0072,NAME_072,Male,14,2012,"PLACE_030 Primary School, PLACE_020",NAME_215,119.1,20.6,12.7,26,PLACE_020,PHONE_072,Recovering from minor ankle sprain.
CFS0073,NAME_073,Male,7,2019,"PLACE_003 Mandir High School, PLACE_019",NAME_212,141.6,27.1,14.6,27,PLACE_019,PHONE_073,Recovering from minor ankle sprain.
CFS0074,NAME_074,Female,10,2016,"PLACE_001, PLACE_043",NAME_213,140.6,26.9,16.1,24,PLACE_043,PHONE_074,Shows strong stamina for age group.
CFS0075,NAME_075,Female,14,2012,"PLACE_001, PLACE_019",NAME_204,107.1,36.4,11.8,29,PLACE_019,PHONE_075,"Regular attendance, good improvement."
CFS0076,NAME_076,Female,7,2019,"PLACE_001, PLACE_004",NAME_204,142.4,45.7,13.5,14,PLACE_004,PHONE_076,Missed two sessions due to rain.
CFS0077,NAME_077,Male,12,2014,"PLACE_005, PLACE_029",NAME_215,141.5,35.8,12.9,8,PLACE_029,PHONE_077,Needs encouragement during warm-up.
CFS0078,NAME_078,Male,6,2020,"NAME_200, PLACE_044",NAME_211,128.7,22.2,13.2,29,PLACE_044,PHONE_078,Shows strong stamina for age group.
CFS0079,NAME_079,Male,16,2010,"NAME_201, PLACE_004",NAME_213,131.4,42.1,16.9,20,PLACE_004,PHONE_079,"Regular attendance, good improvement."
CFS0080,NAME_080,Female,8,2018,"Government Middle School, PLACE_032",NAME_215,110.8,34.1,13.0,22,PLACE_032,PHONE_080,"Enthusiastic participant, NAME_218."
CFS0081,NAME_081,Male,9,2016,"PLACE_005, PLACE_019",NAME_205,135.7,41.8,12.5,31,PLACE_019,PHONE_081,Recovering from minor ankle sprain.
CFS0082,NAME_082,Male,8,2017,"Government Middle School, PLACE_007",NAME_209,116.3,35.0,12.7,11,PLACE_007,PHONE_082,"Flagged to coach by NAME_227, reachable at PHONE_208."
CFS0083,NAME_083,Male,7,2018,"NAME_200, PLACE_026",NAME_213,136.5,23.9,14.8,27,PLACE_026,PHONE_083,"Flagged to coach by NAME_228, reachable at PHONE_209."
CFS0084,NAME_084,Male,13,2012,"PLACE_005, PLACE_006",NAME_210,108.7,22.5,11.5,29,PLACE_006,PHONE_084,Recovering from minor ankle sprain.
CFS0085,NAME_085,Female,9,2017,"NAME_201, PLACE_027",NAME_211,143.1,40.2,13.2,15,PLACE_027,PHONE_085,"Flagged to coach by NAME_229, reachable at PHONE_210."
CFS0086,NAME_086,Male,13,2013,"PLACE_003 Mandir High School, PLACE_042",NAME_217,141.7,28.4,14.2,30,PLACE_042,PHONE_086,Missed two sessions due to rain.
CFS0087,NAME_087,Female,8,2018,"PLACE_001, PLACE_013",NAME_214,117.8,22.3,11.0,28,PLACE_013,PHONE_087,"Enthusiastic participant, NAME_218."
CFS0088,NAME_088,Male,8,2017,"PLACE_005, PLACE_020",NAME_210,111.0,45.8,11.6,12,PLACE_020,PHONE_088,"Regular attendance, good improvement."
CFS0089,NAME_089,Female,7,2019,"PLACE_016, PLACE_017",NAME_206,143.6,45.6,11.4,14,PLACE_017,PHONE_089,"Regular attendance, good improvement."
CFS0090,NAME_090,Male,16,2010,"PLACE_030 Primary School, PLACE_019",NAME_214,151.5,28.5,14.0,31,PLACE_019,PHONE_090,"Parent NAME_230 requested schedule change, PHONE_211."
CFS0091,NAME_091,Female,6,2020,"PLACE_005, PLACE_028",NAME_203,108.5,26.4,8.9,22,PLACE_028,PHONE_091,Missed two sessions due to rain.
CFS0092,NAME_092,Male,16,2009,"NAME_200, PLACE_045",NAME_216,136.5,41.8,10.3,26,PLACE_045,PHONE_092,"Regular attendance, good improvement."
CFS0093,NAME_093,Female,15,2011,"PLACE_005, PLACE_040",NAME_205,128.1,33.7,9.0,27,PLACE_040,PHONE_093,Recovering from minor ankle sprain.
CFS0094,NAME_094,Male,11,2014,"PLACE_030 Primary School, PLACE_041",NAME_211,152.6,45.1,16.3,31,PLACE_041,PHONE_094,"Enthusiastic participant, NAME_218."
CFS0095,NAME_095,Male,8,2017,"PLACE_014, PLACE_013",NAME_204,128.5,36.8,11.4,7,PLACE_013,PHONE_095,Missed two sessions due to rain.
CFS0096,NAME_096,Female,8,2018,"PLACE_003 Mandir High School, PLACE_013",NAME_204,114.0,18.5,15.8,32,PLACE_013,PHONE_096,"Enthusiastic participant, NAME_218."
CFS0097,NAME_097,Female,10,2016,"PLACE_014, PLACE_029",NAME_212,135.8,42.5,13.0,11,PLACE_029,PHONE_097,"Parent NAME_231 requested schedule change, ACCOUNT_002."
CFS0098,NAME_098,Male,14,2012,"Government Middle School, PLACE_021",NAME_215,122.2,36.8,15.3,26,PLACE_021,PHONE_098,"Enthusiastic participant, NAME_218."
CFS0099,NAME_038,Female,11,2015,"PLACE_003 Mandir High School, PLACE_027",NAME_214,136.9,20.9,16.6,15,PLACE_027,PHONE_099,"Flagged to coach by NAME_232, reachable at PHONE_212."
CFS0100,NAME_099,Male,8,2018,"PLACE_005, PLACE_007",NAME_215,138.4,43.7,15.0,13,PLACE_007,PHONE_100,Needs encouragement during warm-up.
CFS0101,NAME_100,Male,15,2010,"PLACE_016, PLACE_027",NAME_209,129.8,20.7,11.8,10,PLACE_027,PHONE_101,Missed two sessions due to rain.
CFS0102,NAME_101,Female,10,2015,"PLACE_014, PLACE_033",NAME_205,135.6,35.0,14.9,21,PLACE_033,PHONE_102,"Regular attendance, good improvement."
CFS0103,NAME_102,Male,14,2012,"NAME_201, PLACE_046",NAME_206,135.6,33.5,12.4,15,PLACE_046,PHONE_103,"Regular attendance, good improvement."
CFS0104,NAME_103,Male,14,2011,"PLACE_003 Mandir High School, PLACE_024",NAME_213,151.5,44.6,12.1,31,PLACE_024,PHONE_104,Shows strong stamina for age group.
CFS0105,NAME_104,Male,12,2013,"PLACE_003 Mandir High School, PLACE_020",NAME_207,113.8,23.8,11.2,28,PLACE_020,PHONE_105,"Regular attendance, good improvement."
CFS0106,NAME_105,Male,7,2019,"PLACE_016, PLACE_029",NAME_217,146.0,21.4,11.6,26,PLACE_029,PHONE_106,"Enthusiastic participant, NAME_218."
CFS0107,NAME_106,Female,10,2016,"NAME_202, PLACE_045",NAME_208,111.9,18.0,14.5,25,PLACE_045,PHONE_107,Missed two sessions due to rain.
CFS0108,NAME_107,Female,13,2013,"Government Middle School, PLACE_033",NAME_205,128.6,27.6,14.0,22,PLACE_033,PHONE_108,"Flagged to coach by NAME_233, reachable at PHONE_213."
CFS0109,NAME_108,Female,16,2010,"PLACE_014, PLACE_035",NAME_205,128.2,39.9,9.9,10,PLACE_035,PHONE_109,Recovering from minor ankle sprain.
CFS0110,NAME_109,Female,15,2010,"NAME_200, PLACE_012",NAME_206,137.1,43.2,9.3,28,PLACE_012,PHONE_110,"Enthusiastic participant, NAME_218."
CFS0111,NAME_110,Female,12,2013,"PLACE_014, PLACE_020",NAME_208,149.4,42.9,12.4,25,PLACE_020,PHONE_111,Shows strong stamina for age group.
CFS0112,NAME_111,Female,15,2011,"PLACE_030 Primary School, PLACE_031",NAME_207,123.8,17.0,9.9,16,PLACE_031,PHONE_112,Recovering from minor ankle sprain.
CFS0113,NAME_112,Female,10,2015,"PLACE_016, PLACE_047",NAME_208,128.9,28.2,15.5,20,PLACE_047,PHONE_113,"Regular attendance, good improvement."
CFS0114,NAME_113,Female,16,2009,"Government Middle School, PLACE_015",NAME_204,140.7,19.0,15.1,18,PLACE_015,PHONE_114,Missed two sessions due to rain.
CFS0115,NAME_114,Male,8,2017,"NAME_200, PLACE_017",NAME_214,112.9,17.2,11.3,16,PLACE_017,PHONE_115,Recovering from minor ankle sprain.
CFS0116,NAME_115,Female,9,2016,"PLACE_014, PLACE_048",NAME_213,121.6,40.4,17.4,15,PLACE_048,PHONE_116,Shows strong stamina for age group.
CFS0117,NAME_116,Male,12,2013,"NAME_202, PLACE_021",NAME_217,149.3,34.8,10.0,25,PLACE_021,PHONE_117,Recovering from minor ankle sprain.
CFS0118,NAME_117,Male,9,2016,"NAME_201, PLACE_009",NAME_205,154.0,18.2,9.1,25,PLACE_009,PHONE_118,"Parent NAME_234 requested schedule change, PHONE_214."
CFS0119,NAME_118,Male,12,2014,"NAME_201, PLACE_046",NAME_206,135.6,25.0,17.4,16,PLACE_046,PHONE_119,Needs encouragement during warm-up.
CFS0120,NAME_119,Female,12,2013,"Government Middle School, PLACE_046",NAME_203,153.2,19.7,16.8,25,PLACE_046,PHONE_120,"Regular attendance, good improvement."
CFS0121,NAME_120,Female,13,2012,"PLACE_003 Mandir High School, PLACE_021",NAME_214,145.2,45.1,13.8,18,PLACE_021,PHONE_121,Needs encouragement during warm-up.
CFS0122,NAME_121,Female,6,2020,"NAME_201, PLACE_048",NAME_216,154.8,36.4,11.6,32,PLACE_048,PHONE_122,"Parent NAME_235 requested schedule change, PHONE_215."
CFS0123,NAME_122,Female,6,2020,"Government Middle School, PLACE_049",NAME_204,124.1,22.7,11.0,28,PLACE_049,PHONE_123,"Regular attendance, good improvement."
CFS0124,NAME_123,Female,12,2014,"PLACE_003 Mandir High School, PLACE_009",NAME_204,142.9,24.6,17.1,16,PLACE_009,PHONE_124,"Enthusiastic participant, NAME_218."
CFS0125,NAME_124,Male,12,2014,"PLACE_001, PLACE_012",NAME_211,120.3,36.5,14.1,11,PLACE_012,PHONE_125,"Flagged to coach by NAME_236, reachable at PHONE_216."
CFS0126,NAME_125,Male,12,2014,"PLACE_001, PLACE_006",NAME_215,133.7,39.2,15.6,25,PLACE_006,PHONE_126,"Enthusiastic participant, NAME_218."
CFS0127,NAME_126,Female,6,2020,"PLACE_005, PLACE_022",NAME_217,155.4,23.2,11.8,18,PLACE_022,PHONE_127,Missed two sessions due to rain.
CFS0128,NAME_127,Female,6,2020,"PLACE_014, PLACE_004",NAME_205,139.1,44.5,17.6,11,PLACE_004,PHONE_128,"Enthusiastic participant, NAME_218."
CFS0129,NAME_128,Male,16,2010,"PLACE_005, PLACE_034",NAME_214,115.1,39.2,10.5,24,PLACE_034,PHONE_129,Needs encouragement during warm-up.
CFS0130,NAME_129,Female,7,2018,"PLACE_030 Primary School, PLACE_050",NAME_210,132.0,35.0,11.8,30,PLACE_050,PHONE_130,"Parent NAME_237 requested schedule change, ACCOUNT_003."
CFS0131,NAME_130,Male,16,2009,"NAME_201, PLACE_013",NAME_210,109.0,44.9,16.4,18,PLACE_013,PHONE_131,"Enthusiastic participant, NAME_218."
CFS0132,NAME_131,Female,10,2015,"PLACE_030 Primary School, PLACE_031",NAME_213,147.1,19.9,14.5,15,PLACE_031,PHONE_132,Recovering from minor ankle sprain.
CFS0133,NAME_132,Female,7,2019,"PLACE_016, PLACE_008",NAME_210,108.5,26.9,17.1,21,PLACE_008,PHONE_133,Needs encouragement during warm-up.
CFS0134,NAME_133,Female,10,2016,"PLACE_003 Mandir High School, PLACE_024",NAME_207,114.7,34.5,14.5,27,PLACE_024,PHONE_134,Needs encouragement during warm-up.
CFS0135,NAME_134,Male,9,2016,"PLACE_003 Mandir High School, PLACE_012",NAME_215,143.8,17.9,14.2,25,PLACE_012,PHONE_135,"Regular attendance, good improvement."
CFS0136,NAME_135,Male,11,2014,"PLACE_003 Mandir High School, PLACE_002",NAME_215,127.4,34.3,15.2,28,PLACE_002,PHONE_136,Recovering from minor ankle sprain.
CFS0137,NAME_136,Male,10,2016,"PLACE_003 Mandir High School, PLACE_018",NAME_207,112.3,39.1,12.0,13,PLACE_018,PHONE_137,"Regular attendance, good improvement."
CFS0138,NAME_137,Female,8,2018,"PLACE_030 Primary School, PLACE_012",NAME_209,106.9,25.6,15.3,18,PLACE_012,PHONE_138,Missed two sessions due to rain.
CFS0139,NAME_138,Male,6,2020,"NAME_202, PLACE_013",NAME_206,108.2,17.4,13.1,32,PLACE_013,PHONE_139,Shows strong stamina for age group.
CFS0140,NAME_139,Female,11,2014,"PLACE_005, PLACE_034",NAME_207,122.2,21.3,15.0,20,PLACE_034,PHONE_140,Recovering from minor ankle sprain.
CFS0141,NAME_140,Male,9,2017,"PLACE_016, PLACE_004",NAME_203,111.3,21.0,17.5,27,PLACE_004,PHONE_141,"Flagged to coach by NAME_238, reachable at PHONE_217."
CFS0142,NAME_141,Female,7,2019,"PLACE_030 Primary School, PLACE_042",NAME_210,135.1,20.6,11.3,25,PLACE_042,PHONE_142,"Enthusiastic participant, NAME_218."
CFS0143,NAME_142,Female,6,2019,"PLACE_005, PLACE_002",NAME_203,140.7,33.1,16.0,25,PLACE_002,PHONE_143,"Flagged to coach by NAME_239, reachable at PHONE_218."
CFS0144,NAME_143,Male,13,2012,"NAME_200, PLACE_049",NAME_215,142.2,31.1,10.2,20,PLACE_049,PHONE_144,"Regular attendance, good improvement."
CFS0145,NAME_144,Male,11,2015,"NAME_200, PLACE_009",NAME_213,139.0,39.5,11.9,17,PLACE_009,PHONE_145,"Regular attendance, good improvement."
CFS0146,NAME_145,Female,7,2019,"Government Middle School, PLACE_011",NAME_217,126.2,33.6,12.4,14,PLACE_011,PHONE_146,"Enthusiastic participant, NAME_218."
CFS0147,NAME_146,Male,7,2018,"PLACE_016, PLACE_040",NAME_210,155.9,29.5,12.1,18,PLACE_040,PHONE_147,Needs encouragement during warm-up.
CFS0148,NAME_147,Male,16,2010,"NAME_202, PLACE_007",NAME_205,145.0,25.6,17.2,10,PLACE_007,PHONE_148,"Regular attendance, good improvement."
CFS0149,NAME_148,Female,15,2011,"NAME_202, PLACE_039",NAME_203,119.2,38.2,16.4,15,PLACE_039,PHONE_149,Needs encouragement during warm-up.
CFS0150,NAME_149,Male,13,2012,"NAME_200, PLACE_019",NAME_210,129.7,36.3,9.6,23,PLACE_019,PHONE_150,"Regular attendance, good improvement."
CFS0151,NAME_150,Male,7,2019,"Government Middle School, PLACE_037",NAME_206,129.7,40.6,14.3,13,PLACE_037,PHONE_151,"Regular attendance, good improvement."
CFS0152,NAME_151,Female,14,2011,"NAME_201, PLACE_029",NAME_217,108.2,21.7,16.4,27,PLACE_029,PHONE_152,Shows strong stamina for age group.
CFS0153,NAME_152,Female,14,2012,"PLACE_016, PLACE_029",NAME_211,148.1,34.6,15.8,15,PLACE_029,PHONE_153,"Enthusiastic participant, NAME_218."
CFS0154,NAME_153,Male,14,2012,"PLACE_030 Primary School, PLACE_046",NAME_208,153.3,40.5,13.0,29,PLACE_046,PHONE_154,"Enthusiastic participant, NAME_218."
CFS0155,NAME_154,Female,9,2016,"PLACE_016, PLACE_048",NAME_203,150.9,25.3,9.9,29,PLACE_048,PHONE_155,Needs encouragement during warm-up.
CFS0156,NAME_155,Female,12,2014,"PLACE_001, PLACE_031",NAME_204,109.1,37.4,13.2,26,PLACE_031,PHONE_156,Needs encouragement during warm-up.
CFS0157,NAME_156,Male,9,2016,"PLACE_001, PLACE_009",NAME_205,135.3,21.8,10.8,9,PLACE_009,PHONE_157,Shows strong stamina for age group.
CFS0158,NAME_157,Female,16,2009,"PLACE_001, PLACE_019",NAME_215,153.2,27.9,11.1,7,PLACE_019,PHONE_158,"Enthusiastic participant, NAME_218."
CFS0159,NAME_158,Female,7,2019,"Government Middle School, PLACE_047",NAME_205,117.8,27.0,16.6,8,PLACE_047,PHONE_159,Recovering from minor ankle sprain.
CFS0160,NAME_159,Male,8,2017,"PLACE_001, PLACE_051",NAME_207,123.9,31.5,16.2,25,PLACE_051,PHONE_160,"Enthusiastic participant, NAME_218."
CFS0161,NAME_160,Female,9,2017,"PLACE_014, PLACE_024",NAME_216,153.4,32.7,9.5,19,PLACE_024,PHONE_161,Missed two sessions due to rain.
CFS0162,NAME_161,Female,11,2015,"PLACE_003 Mandir High School, PLACE_002",NAME_213,155.0,26.5,10.2,31,PLACE_002,PHONE_162,"Enthusiastic participant, NAME_218."
CFS0163,NAME_162,Female,14,2012,"PLACE_030 Primary School, PLACE_025",NAME_214,114.4,28.1,13.1,20,PLACE_025,PHONE_163,Missed two sessions due to rain.
CFS0164,NAME_163,Female,10,2016,"NAME_202, PLACE_045",NAME_209,139.9,29.6,11.9,25,PLACE_045,PHONE_164,"Regular attendance, good improvement."
CFS0165,NAME_164,Male,16,2010,"PLACE_030 Primary School, PLACE_039",NAME_214,123.7,32.9,9.6,17,PLACE_039,PHONE_165,Needs encouragement during warm-up.
CFS0166,NAME_165,Female,7,2019,"PLACE_016, PLACE_028",NAME_207,150.1,35.7,12.1,27,PLACE_028,PHONE_166,"Enthusiastic participant, NAME_218."
CFS0167,NAME_166,Male,15,2011,"PLACE_016, PLACE_021",NAME_204,143.7,35.7,16.4,22,PLACE_021,PHONE_167,Missed two sessions due to rain.
CFS0168,NAME_167,Male,13,2012,"PLACE_016, PLACE_018",NAME_216,131.1,37.1,14.6,19,PLACE_018,PHONE_168,Recovering from minor ankle sprain.
CFS0169,NAME_168,Female,7,2019,"PLACE_005, PLACE_025",NAME_204,150.7,22.8,17.2,16,PLACE_025,PHONE_169,Missed two sessions due to rain.
CFS0170,NAME_169,Male,11,2015,"PLACE_016, PLACE_004",NAME_207,131.4,26.8,13.9,25,PLACE_004,PHONE_170,Recovering from minor ankle sprain.
CFS0171,NAME_170,Male,12,2014,"PLACE_003 Mandir High School, PLACE_041",NAME_210,154.8,20.4,13.8,32,PLACE_041,PHONE_171,Missed two sessions due to rain.
CFS0172,NAME_171,Male,12,2013,"Government Middle School, PLACE_029",NAME_203,119.7,17.7,14.6,13,PLACE_029,PHONE_172,Needs encouragement during warm-up.
CFS0173,NAME_172,Male,10,2015,"PLACE_030 Primary School, PLACE_026",NAME_214,113.2,28.9,15.7,17,PLACE_026,PHONE_173,Recovering from minor ankle sprain.
CFS0174,NAME_173,Female,10,2016,"PLACE_003 Mandir High School, PLACE_025",NAME_213,147.8,26.4,10.0,21,PLACE_025,PHONE_174,"Regular attendance, good improvement."
CFS0175,NAME_174,Male,16,2010,"PLACE_014, PLACE_044",NAME_208,122.7,33.7,12.3,32,PLACE_044,PHONE_175,Needs encouragement during warm-up.
CFS0176,NAME_175,Male,16,2010,"PLACE_001, PLACE_028",NAME_210,155.2,37.6,10.2,32,PLACE_028,PHONE_176,Missed two sessions due to rain.
CFS0177,NAME_176,Male,8,2018,"PLACE_016, PLACE_043",NAME_211,114.9,26.6,17.5,10,PLACE_043,PHONE_177,"Regular attendance, good improvement."
CFS0178,NAME_177,Male,16,2010,"PLACE_003 Mandir High School, PLACE_021",NAME_204,149.8,42.1,14.3,31,PLACE_021,PHONE_178,"Regular attendance, good improvement."
CFS0179,NAME_178,Male,8,2017,"NAME_200, PLACE_032",NAME_205,143.4,37.3,17.4,21,PLACE_032,PHONE_179,Missed two sessions due to rain.
CFS0180,NAME_179,Female,7,2019,"NAME_201, PLACE_004",NAME_209,140.3,28.5,13.3,23,PLACE_004,PHONE_180,Recovering from minor ankle sprain.
CFS0181,NAME_180,Male,14,2012,"PLACE_014, PLACE_022",NAME_212,114.8,43.6,11.9,14,PLACE_022,PHONE_181,"Flagged to coach by NAME_240, reachable at PHONE_219."
CFS0182,NAME_181,Male,8,2018,"PLACE_001, PLACE_033",NAME_206,136.8,32.1,9.3,8,PLACE_033,PHONE_182,Shows strong stamina for age group.
CFS0183,NAME_182,Female,16,2010,"Government Middle School, PLACE_043",NAME_215,148.0,45.5,15.0,21,PLACE_043,PHONE_183,Missed two sessions due to rain.
CFS0184,NAME_183,Male,15,2011,"NAME_201, PLACE_026",NAME_208,132.7,20.4,12.7,21,PLACE_026,PHONE_184,Shows strong stamina for age group.
CFS0185,NAME_184,Male,7,2019,"Government Middle School, PLACE_011",NAME_210,112.8,28.2,14.4,8,PLACE_011,PHONE_185,Needs encouragement during warm-up.
CFS0186,NAME_185,Female,14,2012,"PLACE_016, PLACE_021",NAME_209,119.9,24.4,12.5,21,PLACE_021,PHONE_186,Recovering from minor ankle sprain.
CFS0187,NAME_186,Male,10,2016,"Government Middle School, PLACE_002",NAME_211,112.9,34.3,10.5,13,PLACE_002,PHONE_187,"Enthusiastic participant, NAME_218."
CFS0188,NAME_187,Male,12,2014,"NAME_200, PLACE_024",NAME_212,147.6,38.2,15.3,10,PLACE_024,PHONE_188,Missed two sessions due to rain.
CFS0189,NAME_188,Male,8,2018,"Government Middle School, PLACE_018",NAME_212,121.9,29.5,13.9,7,PLACE_018,PHONE_189,"Enthusiastic participant, NAME_218."
CFS0190,NAME_189,Male,9,2017,"PLACE_003 Mandir High School, PLACE_032",NAME_206,109.4,45.6,14.5,29,PLACE_032,PHONE_190,Recovering from minor ankle sprain.
CFS0191,NAME_190,Male,16,2010,"PLACE_005, PLACE_015",NAME_205,125.7,41.8,16.2,19,PLACE_015,PHONE_191,"Flagged to coach by NAME_241, reachable at PHONE_220."
CFS0192,NAME_191,Male,14,2012,"PLACE_005, PLACE_049",NAME_210,154.9,45.6,16.9,9,PLACE_049,PHONE_192,Missed two sessions due to rain.
CFS0193,NAME_192,Male,13,2013,"PLACE_030 Primary School, PLACE_045",NAME_204,121.7,19.5,14.4,10,PLACE_045,PHONE_193,Missed two sessions due to rain.
CFS0194,NAME_193,Male,7,2018,"NAME_200, PLACE_008",NAME_207,139.2,45.3,14.3,10,PLACE_008,PHONE_194,"Enthusiastic participant, NAME_218."
CFS0195,NAME_194,Male,15,2010,"Government Middle School, PLACE_010",NAME_217,152.0,42.3,13.6,19,PLACE_010,PHONE_195,"Regular attendance, good improvement."
CFS0196,NAME_195,Female,16,2009,"PLACE_001, PLACE_046",NAME_215,146.2,20.0,9.8,18,PLACE_046,PHONE_196,Shows strong stamina for age group.
CFS0197,NAME_196,Female,6,2020,"PLACE_003 Mandir High School, PLACE_044",NAME_215,156.0,41.2,12.8,10,PLACE_044,PHONE_197,"Enthusiastic participant, NAME_218."
CFS0198,NAME_197,Female,15,2011,"NAME_202, PLACE_007",NAME_214,126.6,28.6,15.7,10,PLACE_007,PHONE_198,"Enthusiastic participant, NAME_218."
CFS0199,NAME_198,Male,13,2013,"PLACE_001, PLACE_017",NAME_204,109.6,26.4,11.2,32,PLACE_017,PHONE_199,Missed two sessions due to rain.
CFS0200,NAME_199,Male,6,2020,"PLACE_005, PLACE_002",NAME_213,153.9,39.0,14.4,12,PLACE_002,PHONE_200,Shows strong stamina for age group.
