id,amount,currency,status,method,email,contact,created_at,notes.campaign,fee,tax
pay_ff4f4d7fa7,100000,INR,captured,wallet,vaishali.kadam84@gmail.com,+916384023364,1744223400,AnnualGala2025,2000,360
pay_88167abd82a,150000,INR,captured,netbanking,kajal.bhosale356@outlook.com,+917952159030,1750357800,SponsorAChild,3000,540
pay_2d93ff05e0c,150000,INR,captured,card,harpreet.dhumal89@outlook.com,+919337757384,1748975400,AnnualGala2025,3000,540
pay_5839ad5b737,2500000,INR,captured,wallet,sarita.khan51@gmail.com,+919575914157,1752345000,AnnualGala2025,50000,9000
pay_3bb6aff6cd1,250000,INR,captured,wallet,ravi.yadav81@yahoo.com,+919434871760,1740162600,GirlChildEducation,5000,900
pay_5defc409652,2500000,INR,captured,netbanking,radha.salunkhe18@outlook.com,+916190708896,1742754600,AnnualGala2025,50000,9000
pay_711409b948b,2500000,INR,captured,upi,ravi.kadam51@outlook.com,+917101192875,1748197800,WinterDrive2025,50000,9000
pay_167a5a54b76,250000,INR,captured,wallet,kiran.shaikh501@yahoo.com,+919534998686,1751567400,GirlChildEducation,5000,900
pay_249811de86d,2500000,INR,captured,upi,amit.kulkarni11@outlook.com,+918953439010,1738607400,GirlChildEducation,50000,9000
pay_4f1c5823ae6,200000,INR,captured,card,kavita.gaikwad8@outlook.com,+918293693423,1746988200,AnnualGala2025,4000,720
pay_777d80a5fdb,200000,INR,captured,card,nisha.shinde21@outlook.com,+919316405116,1743359400,GirlChildEducation,4000,720
pay_5ad42055d17,1000000,INR,captured,upi,aslam.kaur871@outlook.com,+917839296838,1747333800,AnnualGala2025,20000,3600
pay_4cd9a039a51,250000,INR,captured,upi,zarina.more755@yahoo.com,+919810433021,1743964200,EmergencyMedicalFund,5000,900
pay_2f79aaacc2d,1000000,INR,captured,upi,firoz.patil922@gmail.com,+919302835893,1743445800,MonsoonRelief2025,20000,3600
pay_898ee823043,250000,INR,captured,wallet,kalpana.bagul32@outlook.com,+917181823665,1752690600,AnnualGala2025,5000,900
pay_24faa4c80d8,150000,INR,captured,wallet,deepa.nikam815@outlook.com,+919654113003,1736447400,MonsoonRelief2025,3000,540
pay_2605930a999,500000,INR,captured,upi,vandana.shaikh414@yahoo.com,+919912651192,1743705000,AnnualGala2025,10000,1800
pay_18994a70321,150000,INR,refunded,wallet,shabana.shinde583@yahoo.com,+916776758897,1755628200,GirlChildEducation,3000,540
pay_35d60d02a7c,1000000,INR,captured,netbanking,ravi.yadav81@yahoo.com,+919434871760,1753295400,GirlChildEducation,20000,3600
pay_86f17d3c977,500000,INR,captured,wallet,pallavi.khan61@gmail.com,+919363462744,1753986600,GirlChildEducation,10000,1800
pay_4870287bb9e,100000,INR,failed,card,shabana.suryawanshi833@outlook.com,+919120047448,1738521000,WinterDrive2025,2000,360
pay_308dee29c0c,50000,INR,captured,upi,ashok.thorat25@outlook.com,+918120674653,1745346600,SponsorAChild,1000,180
pay_5f358a964a0,1000000,INR,captured,card,komal.yadav792@yahoo.com,+916135217241,1751308200,GirlChildEducation,20000,3600
pay_58e9f32a3e5,100000,INR,captured,card,kavita.gaikwad8@outlook.com,+918293693423,1750185000,SponsorAChild,2000,360
pay_329d2089a15,200000,INR,captured,netbanking,swati.jadhav90@gmail.com,+917245205382,1747852200,SponsorAChild,4000,720
pay_471617935f2,500000,INR,captured,netbanking,pooja.chowdhury80@gmail.com,+918435088153,1746210600,SponsorAChild,10000,1800
pay_7f1e1fbef9b,500000,INR,captured,netbanking,pooja.singh14@yahoo.com,+916842231168,1755541800,AnnualGala2025,10000,1800
pay_22e1c11beca,150000,INR,captured,wallet,swati.jadhav90@gmail.com,+917245205382,1742927400,EmergencyMedicalFund,3000,540
pay_5a52d7cc33b,250000,INR,captured,netbanking,imran.singh976@gmail.com,+917213589239,1742063400,AnnualGala2025,5000,900
pay_6683682a76e,1000000,INR,captured,wallet,radha.bhoir471@gmail.com,+919452057466,1754332200,GirlChildEducation,20000,3600
pay_105a7ef10f5,50000,INR,captured,upi,komal.shinde13@outlook.com,+916133168702,1753727400,AnnualGala2025,1000,180
pay_6d9e8779d23,200000,INR,captured,netbanking,balwinder.pathan628@outlook.com,+916541038033,1753468200,GirlChildEducation,4000,720
pay_420c22fd13c,200000,INR,captured,upi,jaspal.chavan43@gmail.com,+919458880520,1755455400,AnnualGala2025,4000,720
pay_716ecbda498,200000,INR,captured,card,sunil.salunkhe828@outlook.com,+917347254768,1746988200,MonsoonRelief2025,4000,720
pay_86289291552,1000000,INR,captured,card,balwinder.shaikh82@outlook.com,+916365968920,1748802600,WinterDrive2025,20000,3600
pay_6377ae08070,1000000,INR,captured,netbanking,salman.rathod278@gmail.com,+916324807438,1736879400,EmergencyMedicalFund,20000,3600
pay_33a8c5a7d8b,100000,INR,captured,netbanking,balwinder.shaikh82@outlook.com,+916365968920,1745951400,SponsorAChild,2000,360
pay_41931050d85,50000,INR,failed,netbanking,santosh.patil413@gmail.com,+916985767199,1747161000,EmergencyMedicalFund,1000,180
pay_ff31861ce8,1000000,INR,captured,card,manoj.bagul791@gmail.com,+919847479567,1748284200,EmergencyMedicalFund,20000,3600
pay_8d13f48b1e4,100000,INR,captured,wallet,vandana.salunkhe837@yahoo.com,+916874992787,1742841000,GirlChildEducation,2000,360
pay_48d0a9ff2a6,500000,INR,captured,wallet,harpreet.pathan80@outlook.com,+916702753519,1745346600,EmergencyMedicalFund,10000,1800
pay_1afd8b4cdc7,2500000,INR,failed,wallet,vaishali.thorat51@gmail.com,+919452784271,1744741800,SponsorAChild,50000,9000
pay_4b1e16a5705,100000,INR,captured,upi,vaishali.thorat51@gmail.com,+919452784271,1743791400,EmergencyMedicalFund,2000,360
pay_2e949f47abb,50000,INR,captured,wallet,neha.sawant829@gmail.com,+919494416944,1744137000,GirlChildEducation,1000,180
pay_34d3d3d3c8f,150000,INR,captured,card,asha.nikam570@gmail.com,+917746440268,1743359400,SponsorAChild,3000,540
pay_622c9894a11,200000,INR,captured,wallet,vijay.khan3@outlook.com,+918224194477,1737916200,EmergencyMedicalFund,4000,720
pay_5ce73199c5b,200000,INR,captured,upi,tushar.pathan54@outlook.com,+917241306843,1739817000,MonsoonRelief2025,4000,720
pay_6b46ea0abc9,250000,INR,captured,card,firoz.gaikwad4@gmail.com,+918933360118,1754850600,SponsorAChild,5000,900
pay_321b223507b,150000,INR,captured,netbanking,rekha.gawde24@outlook.com,+916518398205,1745346600,GirlChildEducation,3000,540
pay_82bd7e0b9b4,150000,INR,captured,card,balwinder.shaikh82@outlook.com,+916365968920,1743618600,EmergencyMedicalFund,3000,540
pay_131138585eb,50000,INR,captured,netbanking,kajal.gawde190@gmail.com,+916389153326,1741631400,MonsoonRelief2025,1000,180
pay_f47a1861e9,500000,INR,captured,wallet,amit.bagul256@gmail.com,+917617784784,1750617000,SponsorAChild,10000,1800
pay_5822b5540f2,250000,INR,captured,wallet,karan.sayyed13@gmail.com,+919356028126,1752258600,SponsorAChild,5000,900
pay_1e80f4a46fc,200000,INR,captured,card,vijay.dhumal50@yahoo.com,+917567327874,1755196200,EmergencyMedicalFund,4000,720
pay_20b14cef8b5,1000000,INR,captured,upi,pallavi.khan61@gmail.com,+919363462744,1745173800,MonsoonRelief2025,20000,3600
pay_4b41dbdcbff,2500000,INR,captured,card,sarita.khan51@gmail.com,+919575914157,1755109800,GirlChildEducation,50000,9000
pay_33c199af60a,500000,INR,captured,card,vijay.dhumal775@yahoo.com,+918143141339,1741199400,GirlChildEducation,10000,1800
pay_4f2987ee575,200000,INR,captured,card,divya.khan698@gmail.com,+916719466255,1752690600,EmergencyMedicalFund,4000,720
pay_2083f6aab03,500000,INR,captured,upi,nitin.suryawanshi449@yahoo.com,+919534278005,1739903400,SponsorAChild,10000,1800
pay_405149261f2,500000,INR,captured,wallet,vijay.kale10@yahoo.com,+919372054084,1742581800,MonsoonRelief2025,10000,1800
pay_6e83336f022,200000,INR,refunded,netbanking,vishal.more518@gmail.com,+919181898026,1749839400,WinterDrive2025,4000,720
pay_2005136e584,100000,INR,captured,upi,anjali.bagul897@gmail.com,+918337202712,1740421800,AnnualGala2025,2000,360
pay_4196e636bd6,50000,INR,failed,upi,asha.pathan479@yahoo.com,+919771503840,1741977000,AnnualGala2025,1000,180
pay_5420300b033,250000,INR,captured,netbanking,vijay.dhumal50@yahoo.com,+917567327874,1753036200,GirlChildEducation,5000,900
pay_6567e23eee6,2500000,INR,captured,wallet,zarina.waghmare81@yahoo.com,+916443753552,1736793000,GirlChildEducation,50000,9000
pay_4482ad2b3e4,200000,INR,captured,netbanking,balwinder.khan369@outlook.com,+919962132967,1745433000,SponsorAChild,4000,720
pay_64a8327f27f,100000,INR,captured,wallet,imran.sheikh89@outlook.com,+919610618794,1748802600,AnnualGala2025,2000,360
pay_43e9b8b749e,2500000,INR,captured,netbanking,vaishali.kadam84@gmail.com,+916384023364,1737397800,WinterDrive2025,50000,9000
pay_2c3b11183bf,1000000,INR,failed,card,jaspal.sayyed759@gmail.com,+917304080571,1738434600,EmergencyMedicalFund,20000,3600
pay_5ed3cd92e65,100000,INR,captured,wallet,rani.sawant430@outlook.com,+918464117218,1751653800,MonsoonRelief2025,2000,360
pay_39a990b632f,1000000,INR,captured,netbanking,sanjay.chowdhury703@yahoo.com,+916267150493,1740508200,WinterDrive2025,20000,3600
pay_7fd228a13ca,100000,INR,captured,wallet,archana.chavan429@yahoo.com,+918252248245,1736620200,WinterDrive2025,2000,360
pay_64c804894b1,200000,INR,captured,card,mahesh.bagul472@yahoo.com,+917356237511,1752863400,SponsorAChild,4000,720
pay_260d9348c94,2500000,INR,captured,upi,sarita.khan51@gmail.com,+919575914157,1745001000,WinterDrive2025,50000,9000
pay_76188ba338a,2500000,INR,captured,upi,kalpana.bagul32@outlook.com,+917181823665,1748284200,WinterDrive2025,50000,9000
pay_7fd58878863,1000000,INR,captured,netbanking,pooja.singh14@yahoo.com,+916842231168,1754418600,GirlChildEducation,20000,3600
pay_1cf84079b6d,100000,INR,captured,card,divya.rathod2@gmail.com,+919316387855,1751740200,EmergencyMedicalFund,2000,360
pay_4d3ffa8fdc1,50000,INR,captured,card,pooja.singh14@yahoo.com,+916842231168,1735842600,SponsorAChild,1000,180
pay_321fdaeb43b,100000,INR,captured,card,salman.shinde8@yahoo.com,+918724051508,1750876200,GirlChildEducation,2000,360
pay_903c6235d30,250000,INR,captured,netbanking,harpreet.gawde455@yahoo.com,+916837063066,1746124200,GirlChildEducation,5000,900
pay_31c59ea62f5,150000,INR,captured,card,ayesha.bhoir799@yahoo.com,+916149458223,1737311400,MonsoonRelief2025,3000,540
pay_1befb0470a6,50000,INR,captured,card,rekha.yadav505@yahoo.com,+917856803983,1751740200,EmergencyMedicalFund,1000,180
pay_3acbe00a911,200000,INR,captured,wallet,savita.jadhav23@gmail.com,+917173412163,1746124200,EmergencyMedicalFund,4000,720
pay_8181f9e8f8d,500000,INR,failed,netbanking,jyoti.thorat958@outlook.com,+918734603756,1740681000,GirlChildEducation,10000,1800
pay_4cc4285e401,250000,INR,captured,wallet,salman.shinde8@yahoo.com,+918724051508,1743877800,SponsorAChild,5000,900
pay_7fbc87bb6c0,200000,INR,captured,wallet,balwinder.kaur837@outlook.com,+918456620442,1750357800,MonsoonRelief2025,4000,720
pay_639dea04afa,50000,INR,captured,wallet,rupali.singh443@outlook.com,+919580158325,1740853800,EmergencyMedicalFund,1000,180
pay_6b11fe375b5,50000,INR,captured,wallet,pallavi.chavan943@outlook.com,+918563138094,1736533800,WinterDrive2025,1000,180
pay_226ef9aecb2,1000000,INR,captured,wallet,rukhsar.chowdhury1@yahoo.com,+916795088861,1755023400,GirlChildEducation,20000,3600
pay_1cb6395950b,100000,INR,captured,netbanking,dinesh.pathan712@yahoo.com,+918355142255,1744137000,EmergencyMedicalFund,2000,360
pay_78b44b930ca,250000,INR,captured,netbanking,santosh.rathod423@yahoo.com,+916949348850,1738002600,AnnualGala2025,5000,900
pay_6958109023b,150000,INR,captured,upi,manoj.bagul17@outlook.com,+916618019127,1751049000,GirlChildEducation,3000,540
pay_4047a8dffe2,150000,INR,captured,wallet,amit.rathod192@outlook.com,+917374450069,1744396200,AnnualGala2025,3000,540
pay_1dac97d3f76,250000,INR,captured,netbanking,imran.bagul214@gmail.com,+918681021489,1746383400,EmergencyMedicalFund,5000,900
pay_8acf480fd82,200000,INR,captured,wallet,nisha.dhumal94@outlook.com,+917300831461,1754159400,EmergencyMedicalFund,4000,720
pay_36249db8d9c,250000,INR,captured,card,anil.pawar945@yahoo.com,+917364976785,1751653800,SponsorAChild,5000,900
pay_2d86547c27e,1000000,INR,captured,wallet,manoj.bagul17@outlook.com,+916618019127,1740421800,SponsorAChild,20000,3600
pay_1d86b997a94,500000,INR,captured,card,divya.gawde574@gmail.com,+916892738133,1746383400,AnnualGala2025,10000,1800
pay_679a9131a46,500000,INR,captured,netbanking,imran.sheikh89@outlook.com,+919610618794,1740076200,SponsorAChild,10000,1800
pay_46bb341c072,500000,INR,captured,upi,karan.nikam183@outlook.com,+917138554149,1740249000,GirlChildEducation,10000,1800
pay_5e2d716da88,250000,INR,captured,wallet,anjali.sayyed90@gmail.com,+918547057363,1738866600,WinterDrive2025,5000,900
pay_741d1bb5c7c,150000,INR,captured,card,om.shaikh9@gmail.com,+918483147577,1752431400,WinterDrive2025,3000,540
pay_459703a0247,500000,INR,captured,card,suresh.rathod62@gmail.com,+916399804254,1735929000,MonsoonRelief2025,10000,1800
pay_36cf73fa54b,200000,INR,captured,card,firoz.gaikwad4@gmail.com,+918933360118,1754505000,SponsorAChild,4000,720
pay_76af668885e,200000,INR,captured,card,shabana.more26@gmail.com,+916882438769,1742322600,GirlChildEducation,4000,720
pay_3322a1039fe,200000,INR,captured,card,harpreet.waghmare533@yahoo.com,+917648683732,1755455400,GirlChildEducation,4000,720
pay_1f23464ecd0,1000000,INR,captured,netbanking,manoj.bagul17@outlook.com,+916618019127,1738348200,AnnualGala2025,20000,3600
pay_38084ede113,2500000,INR,captured,upi,tushar.pathan54@outlook.com,+917241306843,1746383400,AnnualGala2025,50000,9000
pay_12b2838d747,1000000,INR,captured,netbanking,vijay.kale10@yahoo.com,+919372054084,1748802600,GirlChildEducation,20000,3600
pay_47d3e82ed61,250000,INR,captured,upi,zarina.bagul45@yahoo.com,+916877075437,1736274600,GirlChildEducation,5000,900
pay_5ed5b0208e8,200000,INR,captured,netbanking,vishal.mane48@outlook.com,+918550065992,1750185000,WinterDrive2025,4000,720
pay_62683eb1cef,150000,INR,captured,upi,jaspal.chavan665@outlook.com,+916692446707,1739385000,WinterDrive2025,3000,540
pay_5be4036fa50,250000,INR,captured,card,kavita.gaikwad8@outlook.com,+918293693423,1752345000,EmergencyMedicalFund,5000,900
pay_3a039aa1266,150000,INR,captured,upi,jaspal.chavan43@gmail.com,+919458880520,1743445800,AnnualGala2025,3000,540
pay_6d6e0cbfcd3,200000,INR,captured,upi,divya.rathod2@gmail.com,+919316387855,1741285800,WinterDrive2025,4000,720
pay_2d75cfbc627,150000,INR,captured,netbanking,radha.kaur320@gmail.com,+919223557754,1736274600,MonsoonRelief2025,3000,540
pay_79d36b033c3,1000000,INR,captured,upi,vaishali.thorat51@gmail.com,+919452784271,1745865000,MonsoonRelief2025,20000,3600
pay_6864d8853d1,2500000,INR,captured,upi,gurpreet.dhumal30@outlook.com,+916406599834,1738261800,SponsorAChild,50000,9000
pay_2c5b9ea4dce,2500000,INR,captured,upi,swati.jadhav90@gmail.com,+917245205382,1745173800,GirlChildEducation,50000,9000
pay_38ce348e65e,200000,INR,captured,upi,rajesh.kaur61@yahoo.com,+917241740200,1744569000,WinterDrive2025,4000,720
pay_625f8315c3c,200000,INR,captured,upi,salman.kadam625@outlook.com,+919971156272,1755369000,EmergencyMedicalFund,4000,720
pay_2c3e3f4f45d,200000,INR,captured,wallet,vandana.kaur397@outlook.com,+918134199257,1742063400,SponsorAChild,4000,720
pay_267d13d83a8,250000,INR,captured,upi,lata.kulkarni15@outlook.com,+919794212587,1738607400,EmergencyMedicalFund,5000,900
pay_720f7dc1cb8,50000,INR,captured,card,gurmeet.sayyed286@gmail.com,+916282349844,1744050600,SponsorAChild,1000,180
pay_214b2898e85,100000,INR,captured,netbanking,anil.bagul413@outlook.com,+918942148272,1750789800,SponsorAChild,2000,360
pay_48928e349f1,2500000,INR,captured,card,kavita.gaikwad8@outlook.com,+918293693423,1745433000,GirlChildEducation,50000,9000
pay_1f7e1d91bc9,500000,INR,captured,wallet,manoj.jadhav229@outlook.com,+918475936782,1753554600,MonsoonRelief2025,10000,1800
pay_4422ab39580,1000000,INR,captured,card,swati.jadhav90@gmail.com,+917245205382,1750012200,GirlChildEducation,20000,3600
pay_70139ad47c2,500000,INR,failed,wallet,sanjay.deshmukh755@yahoo.com,+917313275240,1753986600,GirlChildEducation,10000,1800
pay_205dbbcbde8,200000,INR,captured,netbanking,nisha.shinde21@outlook.com,+919316405116,1745087400,SponsorAChild,4000,720
pay_2f094c9f191,2500000,INR,captured,upi,zarina.waghmare81@yahoo.com,+916443753552,1736361000,MonsoonRelief2025,50000,9000
pay_489f9b02c58,200000,INR,captured,card,prakash.sawant951@yahoo.com,+919676373115,1740940200,SponsorAChild,4000,720
pay_53cf26b2ea9,200000,INR,captured,wallet,rajesh.sheikh445@yahoo.com,+916551739894,1744309800,WinterDrive2025,4000,720
pay_6239c26b36f,100000,INR,captured,wallet,kavita.pathan72@outlook.com,+919474875775,1749148200,SponsorAChild,2000,360
pay_86c004a7690,2500000,INR,captured,wallet,pravin.bhosale67@gmail.com,+917964795688,1739298600,WinterDrive2025,50000,9000
pay_701398cae01,500000,INR,captured,card,kavita.gaikwad8@outlook.com,+918293693423,1742063400,EmergencyMedicalFund,10000,1800
pay_7c5bffc18fd,150000,INR,captured,netbanking,rupali.dhumal86@gmail.com,+917963615886,1739125800,WinterDrive2025,3000,540
pay_1d9857bf2ac,1000000,INR,captured,netbanking,iqbal.deshmukh469@outlook.com,+918960108021,1750617000,WinterDrive2025,20000,3600
pay_2321ffc77d6,1000000,INR,captured,card,vandana.sayyed51@yahoo.com,+918264710057,1740162600,SponsorAChild,20000,3600
pay_45504226ffe,50000,INR,captured,netbanking,firoz.mane56@outlook.com,+916216003101,1746383400,WinterDrive2025,1000,180
pay_5afb6752d3a,500000,INR,captured,card,usha.rathod690@yahoo.com,+918790844473,1745692200,GirlChildEducation,10000,1800
pay_7f769c4e83b,150000,INR,captured,upi,dinesh.kulkarni749@yahoo.com,+917676551882,1743445800,SponsorAChild,3000,540
pay_14ce7b77f48,150000,INR,captured,card,yogesh.sayyed434@yahoo.com,+919983006775,1742322600,EmergencyMedicalFund,3000,540
pay_3f64c20f4b2,200000,INR,failed,card,harpreet.dhumal89@outlook.com,+919337757384,1748716200,SponsorAChild,4000,720
pay_72288f40658,500000,INR,captured,netbanking,rajesh.bhosale61@outlook.com,+919489418702,1755196200,AnnualGala2025,10000,1800
pay_538fad7c295,50000,INR,captured,wallet,rupali.dhumal86@gmail.com,+917963615886,1739817000,EmergencyMedicalFund,1000,180
pay_6fd2e543b39,1000000,INR,captured,card,pallavi.rathod66@outlook.com,+918203104090,1739730600,MonsoonRelief2025,20000,3600
pay_73880093da6,2500000,INR,captured,upi,mahesh.dhumal468@gmail.com,+917326807797,1739989800,MonsoonRelief2025,50000,9000
pay_3f819e21d8d,2500000,INR,captured,card,neha.rathod702@gmail.com,+918595937298,1743618600,SponsorAChild,50000,9000
pay_760f8f695f9,100000,INR,captured,upi,radha.gaikwad492@yahoo.com,+919626576117,1751135400,WinterDrive2025,2000,360
pay_23e947c8a16,200000,INR,captured,wallet,manisha.bhosale135@outlook.com,+918563799001,1748457000,WinterDrive2025,4000,720
pay_4089808d86e,100000,INR,refunded,netbanking,vishal.nikam26@gmail.com,+919461769595,1737829800,EmergencyMedicalFund,2000,360
pay_750040e96e3,200000,INR,captured,card,balwinder.shaikh82@outlook.com,+916365968920,1738780200,AnnualGala2025,4000,720
pay_22a5193f309,1000000,INR,captured,netbanking,zarina.dhumal643@outlook.com,+919761085249,1736015400,WinterDrive2025,20000,3600
pay_88ec467ce4c,500000,INR,captured,card,kalpana.bagul32@outlook.com,+917181823665,1750617000,MonsoonRelief2025,10000,1800
pay_269d05ca1bf,2500000,INR,captured,wallet,iqbal.more124@outlook.com,+918994894234,1740335400,WinterDrive2025,50000,9000
pay_8d3271c8d95,1000000,INR,captured,wallet,divya.rathod2@gmail.com,+919316387855,1737052200,EmergencyMedicalFund,20000,3600
pay_175d71514c6,2500000,INR,captured,upi,abhijit.chavan302@gmail.com,+917294589794,1745951400,EmergencyMedicalFund,50000,9000
pay_5b23cf5cdf1,250000,INR,captured,wallet,vijay.bagul913@outlook.com,+918112385661,1753036200,WinterDrive2025,5000,900
pay_35acd8ba64c,250000,INR,captured,wallet,salman.patil52@gmail.com,+919461842088,1745001000,AnnualGala2025,5000,900
pay_4952f714a5d,150000,INR,captured,card,priya.jadhav543@yahoo.com,+917267698912,1750703400,AnnualGala2025,3000,540
pay_14823fc0fd4,500000,INR,captured,netbanking,fatima.gawde123@outlook.com,+918915058715,1747852200,SponsorAChild,10000,1800
pay_6484da9db97,50000,INR,captured,card,rajesh.waghmare599@outlook.com,+917323007556,1737743400,SponsorAChild,1000,180
pay_28a252c0313,100000,INR,captured,wallet,rukhsar.shaikh859@gmail.com,+919204640348,1752085800,AnnualGala2025,2000,360
pay_42e272b5ea3,200000,INR,failed,card,shobha.chowdhury9@gmail.com,+918379485529,1751481000,AnnualGala2025,4000,720
pay_795cc6bf36f,250000,INR,captured,card,nisha.dhumal94@outlook.com,+917300831461,1747247400,MonsoonRelief2025,5000,900
pay_72f6fa5ea4e,150000,INR,captured,upi,sarita.khan51@gmail.com,+919575914157,1753295400,WinterDrive2025,3000,540
pay_2dde068c907,250000,INR,captured,netbanking,gurmeet.joshi216@outlook.com,+919973544385,1748284200,WinterDrive2025,5000,900
pay_52e6795cbff,200000,INR,captured,upi,vijay.khan3@outlook.com,+918224194477,1735669800,AnnualGala2025,4000,720
pay_8c7fa90ddcb,200000,INR,captured,netbanking,vishal.nikam26@gmail.com,+919461769595,1750012200,AnnualGala2025,4000,720
pay_7e9f6b8dbfe,2500000,INR,captured,upi,tushar.pathan54@outlook.com,+917241306843,1753900200,WinterDrive2025,50000,9000
pay_589b217cc80,200000,INR,captured,card,divya.deshmukh8@outlook.com,+916555656967,1743013800,WinterDrive2025,4000,720
pay_55793a8679d,100000,INR,captured,netbanking,gurmeet.kadam315@outlook.com,+918374527634,1740421800,MonsoonRelief2025,2000,360
pay_17c411d862e,500000,INR,captured,upi,swati.jadhav90@gmail.com,+917245205382,1750271400,WinterDrive2025,10000,1800
pay_5351c493eaf,150000,INR,captured,wallet,zarina.waghmare81@yahoo.com,+916443753552,1750271400,WinterDrive2025,3000,540
pay_23ed2803434,50000,INR,captured,upi,meena.rathod134@outlook.com,+917307850644,1739212200,SponsorAChild,1000,180
pay_37fb8fa342c,500000,INR,captured,card,kajal.thorat98@yahoo.com,+918199912314,1755196200,SponsorAChild,10000,1800
pay_1d09368909a,200000,INR,captured,upi,radha.thorat894@outlook.com,+919435061621,1753554600,EmergencyMedicalFund,4000,720
pay_6a25553e5e8,200000,INR,captured,wallet,harpreet.chowdhury848@gmail.com,+919608678137,1750962600,AnnualGala2025,4000,720
pay_72c8a897a20,1000000,INR,captured,wallet,vijay.waghmare80@yahoo.com,+916740805097,1736447400,EmergencyMedicalFund,20000,3600
pay_8418e051929,50000,INR,failed,card,salman.more621@yahoo.com,+916970494150,1748197800,SponsorAChild,1000,180
pay_20bd8f8c591,50000,INR,captured,card,snehal.sayyed780@yahoo.com,+917333902887,1749061800,EmergencyMedicalFund,1000,180
pay_68b2ca94b7d,250000,INR,failed,card,lata.thorat989@gmail.com,+916424588548,1749493800,SponsorAChild,5000,900
pay_1b359a03ffb,50000,INR,captured,netbanking,manoj.ansari23@yahoo.com,+917703038465,1738953000,SponsorAChild,1000,180
pay_331f5b8ee4e,1000000,INR,captured,card,divya.singh132@yahoo.com,+919969977771,1738521000,MonsoonRelief2025,20000,3600
pay_2a2145fe611,200000,INR,captured,wallet,firoz.gaikwad4@gmail.com,+918933360118,1746642600,GirlChildEducation,4000,720
pay_7eb0516a0f3,200000,INR,captured,wallet,rupali.sayyed6@yahoo.com,+916350473342,1740594600,GirlChildEducation,4000,720
pay_744f49025d1,50000,INR,captured,netbanking,rajesh.bhosale61@outlook.com,+919489418702,1737138600,GirlChildEducation,1000,180
pay_57c02934df6,100000,INR,captured,card,abhijit.sheikh580@outlook.com,+917555344655,1743618600,AnnualGala2025,2000,360
pay_8ccfc896654,100000,INR,captured,wallet,gurpreet.ansari234@gmail.com,+918925673050,1750617000,WinterDrive2025,2000,360
pay_39575312a2c,1000000,INR,captured,wallet,abhijit.gawde588@outlook.com,+918880813212,1742322600,MonsoonRelief2025,20000,3600
pay_7508aa576e7,1000000,INR,captured,wallet,swati.jadhav90@gmail.com,+917245205382,1753900200,WinterDrive2025,20000,3600
pay_78acc9b4475,250000,INR,captured,card,vaishali.kadam84@gmail.com,+916384023364,1752258600,WinterDrive2025,5000,900
pay_178e389091d,150000,INR,captured,netbanking,radha.chavan780@outlook.com,+919254477135,1746901800,GirlChildEducation,3000,540
pay_6a12849b135,50000,INR,captured,wallet,prashant.kale83@outlook.com,+918550504608,1740681000,GirlChildEducation,1000,180
pay_27b6a3a9628,100000,INR,captured,netbanking,manoj.ansari23@yahoo.com,+917703038465,1747593000,SponsorAChild,2000,360
pay_422de6318e2,250000,INR,captured,wallet,komal.shinde13@outlook.com,+916133168702,1743532200,EmergencyMedicalFund,5000,900
pay_3ed54eadd7b,250000,INR,captured,wallet,komal.shinde13@outlook.com,+916133168702,1737138600,SponsorAChild,5000,900
pay_24c32c7f16a,2500000,INR,failed,wallet,komal.shinde13@outlook.com,+916133168702,1743964200,SponsorAChild,50000,9000
pay_74d4137d531,150000,INR,captured,wallet,vaishali.kadam84@gmail.com,+916384023364,1743273000,MonsoonRelief2025,3000,540
pay_6ba7be766be,200000,INR,refunded,upi,zarina.waghmare81@yahoo.com,+916443753552,1746901800,EmergencyMedicalFund,4000,720
pay_5e73b7dba28,150000,INR,captured,netbanking,archana.sayyed684@outlook.com,+919719769229,1738607400,EmergencyMedicalFund,3000,540
pay_118d5a36693,150000,INR,captured,wallet,nitin.ansari862@gmail.com,+917578415192,1754850600,SponsorAChild,3000,540
pay_701141e09df,500000,INR,captured,card,nisha.dhumal94@outlook.com,+917300831461,1741545000,WinterDrive2025,10000,1800
pay_3e2b1027aa4,100000,INR,captured,wallet,rupali.dhumal86@gmail.com,+917963615886,1749061800,SponsorAChild,2000,360
pay_62c91205a24,100000,INR,captured,netbanking,ramesh.pathan64@yahoo.com,+918131776082,1741372200,EmergencyMedicalFund,2000,360
pay_8d36a8994e1,200000,INR,captured,card,imran.suryawanshi282@outlook.com,+916836412172,1750185000,SponsorAChild,4000,720
pay_570e4e1e4d2,500000,INR,captured,wallet,gurmeet.kadam237@yahoo.com,+919101982740,1745951400,SponsorAChild,10000,1800
pay_1137acca239,50000,INR,captured,card,vijay.waghmare80@yahoo.com,+916740805097,1737829800,WinterDrive2025,1000,180
pay_19ef9b5cf62,50000,INR,captured,upi,nisha.dhumal94@outlook.com,+917300831461,1740162600,EmergencyMedicalFund,1000,180
pay_6c31ef3d78c,1000000,INR,failed,netbanking,suresh.thorat635@gmail.com,+918973603152,1746469800,WinterDrive2025,20000,3600
pay_605c6744e49,100000,INR,captured,upi,kavita.gaikwad8@outlook.com,+918293693423,1737829800,WinterDrive2025,2000,360
pay_44951835f61,100000,INR,captured,upi,zarina.waghmare81@yahoo.com,+916443753552,1753813800,MonsoonRelief2025,2000,360
pay_3a4a76aec98,2500000,INR,captured,netbanking,anjali.shinde578@gmail.com,+916457076558,1754332200,WinterDrive2025,50000,9000
pay_6e8c7e9d653,2500000,INR,captured,upi,ravi.dhumal818@outlook.com,+919220327163,1751221800,SponsorAChild,50000,9000
pay_7426da0d8d6,50000,INR,captured,upi,imran.pathan444@yahoo.com,+917535355837,1738780200,AnnualGala2025,1000,180
pay_8bad1a4b95b,2500000,INR,captured,upi,yogesh.gaikwad164@gmail.com,+918890600779,1752949800,SponsorAChild,50000,9000
pay_682191ce901,500000,INR,failed,netbanking,iqbal.yadav829@gmail.com,+916567623311,1746556200,EmergencyMedicalFund,10000,1800
pay_243df557c7e,100000,INR,failed,card,sachin.thorat12@yahoo.com,+919612057511,1755628200,GirlChildEducation,2000,360
pay_754831982f1,100000,INR,captured,upi,ganesh.sawant89@gmail.com,+918261155588,1745778600,EmergencyMedicalFund,2000,360
pay_78331695b96,200000,INR,captured,upi,neha.jadhav686@gmail.com,+918454532072,1749925800,MonsoonRelief2025,4000,720
pay_112e2a2ba65,1000000,INR,captured,card,pooja.shinde17@gmail.com,+918919855063,1740594600,GirlChildEducation,20000,3600
pay_470ec5d6f10,100000,INR,captured,upi,rupali.dhumal86@gmail.com,+917963615886,1744741800,MonsoonRelief2025,2000,360
pay_3ca1e5a6ac2,150000,INR,captured,card,nitin.singh526@outlook.com,+918475705138,1747679400,SponsorAChild,3000,540
pay_64b365b4856,250000,INR,captured,card,divya.deshmukh8@outlook.com,+916555656967,1751308200,EmergencyMedicalFund,5000,900
pay_666cfe9dad0,150000,INR,captured,card,nisha.kaur725@gmail.com,+916703147800,1746642600,EmergencyMedicalFund,3000,540
pay_1c3e2eeaffa,500000,INR,captured,upi,fatima.chowdhury319@yahoo.com,+918314282538,1746815400,GirlChildEducation,10000,1800
pay_4dc3c5da87e,100000,INR,captured,netbanking,pravin.gaikwad986@yahoo.com,+918227461638,1740076200,WinterDrive2025,2000,360
pay_7a9cd5819bd,200000,INR,captured,wallet,ravi.yadav81@yahoo.com,+919434871760,1736879400,SponsorAChild,4000,720
pay_5d9479fa462,150000,INR,captured,upi,sarita.more908@yahoo.com,+918181744204,1742841000,EmergencyMedicalFund,3000,540
pay_25affcac24a,50000,INR,captured,upi,aslam.singh137@outlook.com,+919957089827,1749839400,SponsorAChild,1000,180
pay_6154cfa6620,500000,INR,captured,card,savita.jadhav23@gmail.com,+917173412163,1738521000,AnnualGala2025,10000,1800
pay_6af112d1e02,2500000,INR,failed,upi,vandana.sayyed51@yahoo.com,+918264710057,1751049000,WinterDrive2025,50000,9000
pay_19fb581ca71,50000,INR,captured,card,lata.kulkarni15@outlook.com,+919794212587,1741026600,MonsoonRelief2025,1000,180
pay_435dd40d8ab,2500000,INR,captured,wallet,priya.kadam615@gmail.com,+919370621770,1739385000,AnnualGala2025,50000,9000
pay_5929e04a8c0,2500000,INR,captured,wallet,kiran.kadam10@outlook.com,+919472862006,1755369000,AnnualGala2025,50000,9000
pay_6dc81a02eb1,500000,INR,captured,card,akash.jadhav918@gmail.com,+917402740326,1745865000,WinterDrive2025,10000,1800
pay_358dafd32c0,150000,INR,captured,netbanking,pravin.rathod269@gmail.com,+919200130210,1754505000,MonsoonRelief2025,3000,540
pay_1c636fd1b61,1000000,INR,captured,card,shabana.shinde3@outlook.com,+917113486907,1743532200,AnnualGala2025,20000,3600
pay_6f27af75c96,100000,INR,captured,netbanking,divya.deshmukh8@outlook.com,+916555656967,1744050600,GirlChildEducation,2000,360
pay_44e550b807f,500000,INR,refunded,wallet,pooja.shinde17@gmail.com,+918919855063,1749407400,SponsorAChild,10000,1800
pay_7e1fadec3ee,500000,INR,captured,upi,zarina.bagul45@yahoo.com,+916877075437,1736879400,WinterDrive2025,10000,1800
pay_7987b74a402,2500000,INR,captured,card,abhijit.bhoir1@gmail.com,+916961623590,1740940200,EmergencyMedicalFund,50000,9000
pay_5526979e14e,1000000,INR,captured,wallet,snehal.deshmukh90@yahoo.com,+918971082090,1737311400,WinterDrive2025,20000,3600
pay_2708c59449c,200000,INR,captured,upi,jaspal.chavan43@gmail.com,+919458880520,1739817000,AnnualGala2025,4000,720
pay_84a1cb9625f,200000,INR,captured,card,kalpana.bagul32@outlook.com,+917181823665,1741113000,MonsoonRelief2025,4000,720
pay_5cee0e8bc81,2500000,INR,captured,wallet,pallavi.nikam443@gmail.com,+916204246701,1742841000,MonsoonRelief2025,50000,9000
pay_2645756c9a4,200000,INR,captured,upi,dinesh.waghmare479@gmail.com,+916714435854,1746210600,AnnualGala2025,4000,720
pay_28bb7f77a8f,50000,INR,failed,upi,simran.pathan382@gmail.com,+919951603002,1743618600,EmergencyMedicalFund,1000,180
pay_909f76037eb,250000,INR,captured,card,abhijit.gawde721@outlook.com,+916433187170,1739557800,MonsoonRelief2025,5000,900
pay_53a07f9bbbb,250000,INR,captured,netbanking,manoj.bagul17@outlook.com,+916618019127,1750012200,SponsorAChild,5000,900
pay_39256ab428a,200000,INR,captured,upi,nisha.shinde21@outlook.com,+919316405116,1753122600,SponsorAChild,4000,720
pay_50019a89a8b,500000,INR,captured,wallet,manoj.pawar522@gmail.com,+917864328525,1753641000,GirlChildEducation,10000,1800
pay_7cef1244765,1000000,INR,captured,upi,ayesha.pathan966@yahoo.com,+919400135393,1753727400,AnnualGala2025,20000,3600
pay_53dee9bd87d,200000,INR,captured,netbanking,mahesh.pawar75@outlook.com,+918533557379,1742495400,AnnualGala2025,4000,720
pay_5c6726061e9,500000,INR,captured,netbanking,swati.shinde536@outlook.com,+919838461203,1747679400,AnnualGala2025,10000,1800
pay_61154902e8e,250000,INR,captured,upi,om.khan551@yahoo.com,+918308595658,1751481000,SponsorAChild,5000,900
pay_7ad3c8b1976,250000,INR,captured,card,fatima.salunkhe992@gmail.com,+916772932792,1751999400,WinterDrive2025,5000,900
pay_7873d556bd8,100000,INR,captured,wallet,anjali.deshmukh177@gmail.com,+919125952073,1742149800,AnnualGala2025,2000,360
pay_2b6a436fef3,250000,INR,captured,card,jaspal.chavan43@gmail.com,+919458880520,1750271400,AnnualGala2025,5000,900
pay_5044fc1bc05,50000,INR,failed,netbanking,harpreet.ansari742@outlook.com,+916349377429,1753641000,WinterDrive2025,1000,180
pay_5d627329916,200000,INR,captured,wallet,nisha.jadhav35@yahoo.com,+918137173094,1744223400,AnnualGala2025,4000,720
pay_2bae7443825,50000,INR,captured,upi,manoj.nikam976@gmail.com,+917941036560,1752517800,MonsoonRelief2025,1000,180
pay_529682c12ba,50000,INR,captured,wallet,aslam.more8@outlook.com,+919300895717,1744309800,GirlChildEducation,1000,180
pay_3a1fb9d259d,50000,INR,refunded,netbanking,zarina.bagul45@yahoo.com,+916877075437,1753727400,SponsorAChild,1000,180
pay_393df9d0f65,250000,INR,captured,wallet,gurmeet.suryawanshi12@outlook.com,+917995235823,1745433000,GirlChildEducation,5000,900
pay_801fb30ed0e,500000,INR,captured,wallet,komal.shinde13@outlook.com,+916133168702,1755282600,WinterDrive2025,10000,1800
pay_6dd21452804,250000,INR,captured,upi,ravi.salunkhe342@yahoo.com,+917903674389,1751653800,GirlChildEducation,5000,900
pay_2c18fa140c1,2500000,INR,captured,wallet,vishal.shaikh801@yahoo.com,+917166237906,1746124200,AnnualGala2025,50000,9000
pay_71c6bddba38,150000,INR,captured,netbanking,amit.nikam369@gmail.com,+916619354851,1742754600,MonsoonRelief2025,3000,540
pay_49da01b4edd,250000,INR,captured,upi,kavita.gaikwad8@outlook.com,+918293693423,1744482600,SponsorAChild,5000,900
pay_838aa0525a1,1000000,INR,captured,wallet,divya.rathod2@gmail.com,+919316387855,1750962600,EmergencyMedicalFund,20000,3600
pay_66671b55739,2500000,INR,captured,netbanking,karan.mane348@outlook.com,+918599616188,1741458600,AnnualGala2025,50000,9000
pay_217e2b8d1ba,500000,INR,captured,upi,divya.rathod2@gmail.com,+919316387855,1739385000,MonsoonRelief2025,10000,1800
pay_36fc0156db4,500000,INR,captured,card,mahesh.kulkarni981@outlook.com,+916337345330,1747333800,AnnualGala2025,10000,1800
pay_7d22c8da2fd,500000,INR,failed,wallet,gurmeet.sayyed22@gmail.com,+916729006209,1753900200,SponsorAChild,10000,1800
pay_5fc78ff9a90,2500000,INR,captured,upi,harpreet.pathan80@outlook.com,+916702753519,1738521000,SponsorAChild,50000,9000
pay_42744095efa,2500000,INR,captured,netbanking,rupali.dhumal86@gmail.com,+917963615886,1739471400,WinterDrive2025,50000,9000
pay_23ae04f75ae,200000,INR,captured,wallet,yogesh.bhosale791@yahoo.com,+917389835762,1745173800,GirlChildEducation,4000,720
pay_8a06b860d30,200000,INR,captured,card,tushar.sawant897@yahoo.com,+918753232951,1752949800,GirlChildEducation,4000,720
pay_8ca599a1f83,250000,INR,captured,netbanking,firoz.gaikwad4@gmail.com,+918933360118,1749925800,GirlChildEducation,5000,900
pay_7284297bba4,1000000,INR,captured,wallet,zarina.waghmare81@yahoo.com,+916443753552,1740853800,MonsoonRelief2025,20000,3600
pay_6355eaf8a65,2500000,INR,captured,upi,kalpana.shinde724@gmail.com,+916226677413,1749753000,MonsoonRelief2025,50000,9000
pay_1692875d04d,150000,INR,captured,upi,kiran.patil832@outlook.com,+917166487728,1744569000,EmergencyMedicalFund,3000,540
pay_394066086aa,1000000,INR,captured,upi,komal.sayyed551@gmail.com,+917180367190,1746297000,SponsorAChild,20000,3600
pay_859615fd4a7,1000000,INR,captured,netbanking,simran.sayyed102@outlook.com,+918203586652,1736793000,AnnualGala2025,20000,3600
pay_6bba5ac0fe6,1000000,INR,captured,card,ashok.pawar498@outlook.com,+919956192274,1740767400,SponsorAChild,20000,3600
pay_54d04812fec,200000,INR,captured,netbanking,pravin.kadam835@outlook.com,+916310711693,1746469800,AnnualGala2025,4000,720
pay_245ec4abbdf,500000,INR,failed,wallet,prashant.more119@outlook.com,+917231621867,1750098600,EmergencyMedicalFund,10000,1800
pay_911a799d441,2500000,INR,captured,upi,kajal.gaikwad148@yahoo.com,+916422412238,1738866600,WinterDrive2025,50000,9000
pay_6ce977b67b4,200000,INR,captured,card,ramesh.pathan64@yahoo.com,+918131776082,1738866600,MonsoonRelief2025,4000,720
pay_7900791b6e3,150000,INR,failed,upi,savita.jadhav23@gmail.com,+917173412163,1740162600,WinterDrive2025,3000,540
pay_4e0caf74ba2,100000,INR,captured,upi,suresh.kulkarni169@outlook.com,+919261579848,1751740200,AnnualGala2025,2000,360
pay_336cbf85746,1000000,INR,captured,wallet,radha.kadam740@gmail.com,+919680158421,1752345000,EmergencyMedicalFund,20000,3600
pay_3f16cc2c4d1,200000,INR,captured,netbanking,tushar.shinde785@gmail.com,+918762907795,1738780200,WinterDrive2025,4000,720
pay_63aa39c459c,200000,INR,captured,card,prashant.bhosale389@gmail.com,+917417628173,1743791400,SponsorAChild,4000,720
pay_293df137573,100000,INR,captured,upi,manoj.bagul17@outlook.com,+916618019127,1754591400,EmergencyMedicalFund,2000,360
pay_6094d4f8ebe,100000,INR,captured,netbanking,suresh.kulkarni16@yahoo.com,+918406547712,1745260200,AnnualGala2025,2000,360
pay_721c87f97b4,50000,INR,captured,upi,priya.salunkhe356@gmail.com,+917105420069,1742063400,EmergencyMedicalFund,1000,180
pay_22f934c219a,1000000,INR,captured,wallet,harpreet.pathan80@outlook.com,+916702753519,1753813800,MonsoonRelief2025,20000,3600
pay_4f38b75e9b7,100000,INR,captured,card,balwinder.shaikh82@outlook.com,+916365968920,1750876200,WinterDrive2025,2000,360
pay_770e09aabb5,2500000,INR,captured,upi,kajal.kaur926@gmail.com,+918555169566,1750357800,MonsoonRelief2025,50000,9000
pay_6c19f3622e0,250000,INR,captured,upi,sandeep.ansari82@yahoo.com,+917647846162,1741026600,SponsorAChild,5000,900
pay_5984b7141b4,2500000,INR,failed,wallet,rukhsar.nikam537@outlook.com,+916337192572,1739644200,SponsorAChild,50000,9000
pay_7d4b2756418,250000,INR,captured,wallet,sarita.joshi64@outlook.com,+917261759671,1741285800,AnnualGala2025,5000,900
pay_77ec5f1506a,100000,INR,failed,wallet,simran.bhoir618@yahoo.com,+918795296824,1738348200,EmergencyMedicalFund,2000,360
pay_5e442df5a62,200000,INR,captured,upi,suresh.shaikh685@outlook.com,+918280940150,1741717800,EmergencyMedicalFund,4000,720
pay_132f66f4a8b,100000,INR,captured,card,archana.nikam282@gmail.com,+917581802093,1753295400,MonsoonRelief2025,2000,360
pay_5b65508e5dd,500000,INR,captured,netbanking,neha.thorat87@gmail.com,+919273493702,1746383400,EmergencyMedicalFund,10000,1800
pay_860650909ef,1000000,INR,captured,upi,prakash.more770@gmail.com,+916926034610,1736274600,SponsorAChild,20000,3600
pay_14fa960a5f5,50000,INR,failed,wallet,harpreet.thorat973@gmail.com,+918464608598,1743791400,MonsoonRelief2025,1000,180
pay_71d043c0507,150000,INR,captured,wallet,manoj.bagul17@outlook.com,+916618019127,1738780200,GirlChildEducation,3000,540
pay_465bfc4e4e2,200000,INR,captured,wallet,kajal.thorat98@yahoo.com,+918199912314,1741113000,EmergencyMedicalFund,4000,720
pay_74b4c5566be,2500000,INR,captured,upi,sarita.khan51@gmail.com,+919575914157,1740335400,SponsorAChild,50000,9000
pay_58cb2befb3f,1000000,INR,captured,card,balwinder.shaikh82@outlook.com,+916365968920,1752604200,SponsorAChild,20000,3600
pay_f375f0dc46,200000,INR,captured,netbanking,nisha.deshmukh651@outlook.com,+918987877119,1744396200,GirlChildEducation,4000,720
pay_55a162423f1,2500000,INR,captured,card,rekha.joshi722@outlook.com,+918172608696,1744050600,WinterDrive2025,50000,9000
pay_1143c510e8c,500000,INR,captured,upi,rohan.thorat150@yahoo.com,+916405918427,1751826600,MonsoonRelief2025,10000,1800
pay_2fa89ed9adf,50000,INR,captured,card,meena.bhoir221@gmail.com,+919763750833,1740853800,EmergencyMedicalFund,1000,180
pay_5b773477cef,100000,INR,captured,card,sanjay.bhoir15@outlook.com,+917886857623,1735929000,GirlChildEducation,2000,360
pay_6fa1f4671c7,2500000,INR,captured,wallet,nisha.bagul945@gmail.com,+916703237272,1740076200,MonsoonRelief2025,50000,9000
pay_8730844b06e,250000,INR,captured,netbanking,nisha.jadhav35@yahoo.com,+918137173094,1754245800,MonsoonRelief2025,5000,900
pay_8a6efc7236f,150000,INR,captured,upi,firoz.gaikwad4@gmail.com,+918933360118,1747506600,AnnualGala2025,3000,540
pay_3f8703103c4,500000,INR,captured,upi,sarita.joshi64@outlook.com,+917261759671,1739730600,WinterDrive2025,10000,1800
pay_8faa1a9bc93,2500000,INR,captured,netbanking,swati.jadhav90@gmail.com,+917245205382,1736274600,GirlChildEducation,50000,9000
pay_5b719b2d58f,50000,INR,captured,wallet,ravi.sawant421@gmail.com,+919929622500,1751135400,WinterDrive2025,1000,180
pay_59e64cbedce,200000,INR,captured,wallet,kajal.mane519@gmail.com,+916812939648,1750703400,AnnualGala2025,4000,720
pay_3cbcf1f443c,500000,INR,captured,upi,jaspal.patil615@yahoo.com,+916738297308,1735669800,MonsoonRelief2025,10000,1800
pay_5e68baa5930,50000,INR,captured,netbanking,neha.khan84@outlook.com,+919819039179,1738866600,SponsorAChild,1000,180
pay_66118aa19b8,200000,INR,captured,wallet,rajesh.bhosale61@outlook.com,+919489418702,1742927400,MonsoonRelief2025,4000,720
pay_5adbc0ee39f,50000,INR,captured,wallet,vaishali.thorat51@gmail.com,+919452784271,1751913000,MonsoonRelief2025,1000,180
pay_293d48568e0,250000,INR,captured,card,salman.pawar876@gmail.com,+916508005141,1741113000,AnnualGala2025,5000,900
pay_49c249b28da,250000,INR,captured,card,sachin.kadam166@gmail.com,+916280340372,1749321000,GirlChildEducation,5000,900
pay_6f84c58cc6f,200000,INR,captured,card,salman.shinde8@yahoo.com,+918724051508,1749925800,SponsorAChild,4000,720
pay_7794ccab941,1000000,INR,captured,wallet,vandana.thorat195@yahoo.com,+918307725563,1755109800,WinterDrive2025,20000,3600
pay_3cbefe33ff9,500000,INR,captured,upi,rohan.bhoir226@yahoo.com,+918813477326,1742236200,WinterDrive2025,10000,1800
pay_41e500e2b00,250000,INR,captured,wallet,rukhsar.mane766@gmail.com,+916312128345,1741545000,AnnualGala2025,5000,900
pay_3815d8f0a24,1000000,INR,failed,netbanking,vijay.waghmare80@yahoo.com,+916740805097,1749148200,SponsorAChild,20000,3600
pay_442e9cb35c8,2500000,INR,captured,card,divya.rathod2@gmail.com,+919316387855,1738261800,EmergencyMedicalFund,50000,9000
pay_206888e629f,200000,INR,captured,wallet,om.shaikh9@gmail.com,+918483147577,1743791400,EmergencyMedicalFund,4000,720
pay_4f5aa71deb4,100000,INR,captured,upi,archana.waghmare846@gmail.com,+919749202843,1751049000,MonsoonRelief2025,2000,360
pay_61e1c9b0ace,1000000,INR,captured,card,archana.jadhav47@outlook.com,+916141731466,1741717800,GirlChildEducation,20000,3600
pay_320118c5813,500000,INR,captured,upi,nisha.shinde21@outlook.com,+919316405116,1741631400,WinterDrive2025,10000,1800
pay_865209a6e4c,100000,INR,failed,upi,divya.rathod2@gmail.com,+919316387855,1752604200,MonsoonRelief2025,2000,360
pay_5c21675d33b,150000,INR,captured,card,kiran.more163@outlook.com,+919795938086,1755282600,WinterDrive2025,3000,540
pay_88f66b6b5f7,200000,INR,captured,upi,iqbal.gawde210@outlook.com,+916430180507,1745778600,AnnualGala2025,4000,720
pay_6e04b4b10a6,100000,INR,failed,upi,abhijit.suryawanshi354@outlook.com,+916627848512,1747938600,EmergencyMedicalFund,2000,360
pay_58a69967e67,150000,INR,captured,card,pallavi.pawar786@outlook.com,+916866801213,1736620200,EmergencyMedicalFund,3000,540
pay_47413a3e104,100000,INR,captured,card,ravi.bhosale29@outlook.com,+916366846356,1750962600,SponsorAChild,2000,360
pay_41dfb39a41f,50000,INR,captured,netbanking,kavita.pathan72@outlook.com,+919474875775,1743186600,WinterDrive2025,1000,180
pay_3a7030bad3c,150000,INR,captured,wallet,gurpreet.shaikh805@yahoo.com,+917543857951,1745173800,AnnualGala2025,3000,540
pay_38106d442cf,2500000,INR,captured,netbanking,pooja.chowdhury80@gmail.com,+918435088153,1742841000,WinterDrive2025,50000,9000
pay_6b0dd971ee0,150000,INR,captured,card,karan.thorat451@outlook.com,+919591715350,1754850600,GirlChildEducation,3000,540
pay_49f1ab03a8a,250000,INR,captured,netbanking,vijay.kale10@yahoo.com,+919372054084,1754937000,GirlChildEducation,5000,900
pay_8698a30b5a1,200000,INR,captured,card,shabana.khan973@outlook.com,+917661996323,1736620200,SponsorAChild,4000,720
pay_7e30737cf82,50000,INR,captured,netbanking,rajesh.dhumal856@outlook.com,+918712560202,1751308200,MonsoonRelief2025,1000,180
pay_889a6d5ef26,2500000,INR,captured,wallet,nisha.kale953@gmail.com,+919560964325,1747506600,WinterDrive2025,50000,9000
pay_6d1e000e74b,150000,INR,captured,netbanking,aslam.kaur100@gmail.com,+919552676648,1746210600,AnnualGala2025,3000,540
pay_269069ca7b2,50000,INR,captured,netbanking,nisha.shinde21@outlook.com,+919316405116,1745001000,EmergencyMedicalFund,1000,180
pay_85f2a63442b,250000,INR,captured,wallet,jaspal.chavan43@gmail.com,+919458880520,1747247400,WinterDrive2025,5000,900
pay_33d2aefa72b,250000,INR,captured,upi,kalpana.sheikh155@outlook.com,+916117787696,1743100200,GirlChildEducation,5000,900
pay_61227717732,2500000,INR,captured,netbanking,kavita.pathan72@outlook.com,+919474875775,1745951400,EmergencyMedicalFund,50000,9000
pay_259393e35aa,50000,INR,captured,upi,ravi.yadav81@yahoo.com,+919434871760,1750098600,AnnualGala2025,1000,180
pay_19ccfd77624,250000,INR,captured,upi,zarina.waghmare81@yahoo.com,+916443753552,1754073000,AnnualGala2025,5000,900
pay_481d8502ee5,150000,INR,captured,upi,salman.shinde205@gmail.com,+916394767059,1752431400,MonsoonRelief2025,3000,540
pay_8594c82e8a7,250000,INR,captured,wallet,santosh.khan793@gmail.com,+917437804928,1743877800,EmergencyMedicalFund,5000,900
pay_5ec67ddfc2a,2500000,INR,failed,card,vijay.khan3@outlook.com,+918224194477,1748284200,EmergencyMedicalFund,50000,9000
pay_5931733f731,250000,INR,captured,wallet,priya.deshmukh461@gmail.com,+919521744385,1739730600,EmergencyMedicalFund,5000,900
pay_1652a0d9b71,250000,INR,failed,card,swati.thorat852@outlook.com,+919864130342,1740335400,MonsoonRelief2025,5000,900
pay_3d66c78d164,100000,INR,captured,upi,priya.sheikh780@yahoo.com,+918599659794,1745087400,MonsoonRelief2025,2000,360
pay_7ae90b61aa2,200000,INR,captured,card,vandana.salunkhe189@yahoo.com,+918522273085,1747161000,EmergencyMedicalFund,4000,720
pay_75db2fa0cc9,250000,INR,captured,wallet,anil.ansari655@outlook.com,+918678176337,1754418600,WinterDrive2025,5000,900
pay_5f0eecdc787,150000,INR,captured,netbanking,radha.salunkhe18@outlook.com,+916190708896,1746815400,AnnualGala2025,3000,540
pay_40f1e504d9b,100000,INR,refunded,wallet,meena.sayyed976@gmail.com,+917543432349,1745433000,GirlChildEducation,2000,360
pay_532f89a0efc,100000,INR,captured,wallet,vishal.nikam26@gmail.com,+919461769595,1753468200,WinterDrive2025,2000,360
pay_6c1f29ae045,1000000,INR,captured,netbanking,meena.sheikh306@yahoo.com,+918299098623,1737916200,EmergencyMedicalFund,20000,3600
pay_3019e9d7348,100000,INR,captured,upi,lata.kulkarni15@outlook.com,+919794212587,1754764200,WinterDrive2025,2000,360
pay_4ee8517f82e,500000,INR,captured,netbanking,salman.mane453@yahoo.com,+917341626925,1743705000,WinterDrive2025,10000,1800
pay_20c7d4cfd03,50000,INR,captured,upi,lata.kulkarni15@outlook.com,+919794212587,1753468200,EmergencyMedicalFund,1000,180
pay_903c4b1f955,200000,INR,captured,netbanking,nitin.suryawanshi833@outlook.com,+918439093071,1740249000,EmergencyMedicalFund,4000,720
pay_71a51ed5605,100000,INR,captured,card,divya.deshmukh8@outlook.com,+916555656967,1741804200,EmergencyMedicalFund,2000,360
pay_40a4d9e57ae,150000,INR,captured,netbanking,rupali.sayyed6@yahoo.com,+916350473342,1747074600,SponsorAChild,3000,540
pay_52f2acaef56,150000,INR,captured,wallet,simran.nikam790@outlook.com,+916705211195,1744569000,SponsorAChild,3000,540
pay_354c6859251,250000,INR,captured,card,savita.jadhav23@gmail.com,+917173412163,1747593000,AnnualGala2025,5000,900
pay_5317411c3aa,1000000,INR,captured,upi,vandana.sayyed51@yahoo.com,+918264710057,1744482600,EmergencyMedicalFund,20000,3600
pay_84c7bdb5c75,500000,INR,captured,wallet,suresh.kale882@yahoo.com,+917581662177,1754937000,SponsorAChild,10000,1800
pay_38622b9180a,250000,INR,captured,upi,pallavi.bagul225@outlook.com,+919844491159,1753295400,SponsorAChild,5000,900
pay_157a9fbbb2c,100000,INR,captured,netbanking,pooja.singh14@yahoo.com,+916842231168,1743877800,WinterDrive2025,2000,360
pay_75cb7d50fa7,50000,INR,captured,netbanking,balwinder.shaikh82@outlook.com,+916365968920,1750789800,AnnualGala2025,1000,180
pay_27fe31f413d,50000,INR,captured,card,rupali.dhumal86@gmail.com,+917963615886,1746815400,EmergencyMedicalFund,1000,180
pay_27672506cee,150000,INR,captured,wallet,om.kulkarni784@yahoo.com,+917617715244,1736188200,SponsorAChild,3000,540
pay_24ca9e33174,50000,INR,captured,card,pallavi.rathod320@gmail.com,+919585079005,1739039400,GirlChildEducation,1000,180
pay_445ef5648d5,1000000,INR,failed,card,vandana.sayyed51@yahoo.com,+918264710057,1735842600,EmergencyMedicalFund,20000,3600
pay_10d23adbe08,2500000,INR,captured,upi,vishal.dhumal19@yahoo.com,+918919405092,1748543400,EmergencyMedicalFund,50000,9000
pay_71abe10c7ef,2500000,INR,captured,upi,vijay.waghmare80@yahoo.com,+916740805097,1755628200,GirlChildEducation,50000,9000
pay_36925d35820,200000,INR,captured,netbanking,sunil.yadav818@outlook.com,+916999230970,1742149800,WinterDrive2025,4000,720
pay_36a872320c5,500000,INR,captured,wallet,vandana.salunkhe92@outlook.com,+916435902895,1746729000,GirlChildEducation,10000,1800
pay_34f3d9f4884,500000,INR,refunded,card,komal.nikam847@outlook.com,+917814143026,1739817000,AnnualGala2025,10000,1800
pay_7eb91bbf2aa,2500000,INR,captured,card,divya.deshmukh8@outlook.com,+916555656967,1748457000,AnnualGala2025,50000,9000
pay_66dd563cae2,150000,INR,captured,card,vishal.mane48@outlook.com,+918550065992,1755628200,AnnualGala2025,3000,540
pay_38ff0653cf8,250000,INR,captured,wallet,kavita.pathan72@outlook.com,+919474875775,1747765800,SponsorAChild,5000,900
pay_22cb4d538d4,200000,INR,captured,netbanking,swati.jadhav90@gmail.com,+917245205382,1752777000,EmergencyMedicalFund,4000,720
pay_26b9c1ebeb7,250000,INR,captured,netbanking,nisha.jadhav35@yahoo.com,+918137173094,1749148200,SponsorAChild,5000,900
pay_5aa1f512d98,50000,INR,captured,wallet,komal.khan582@outlook.com,+919247370657,1748197800,AnnualGala2025,1000,180
pay_500a73557bf,500000,INR,refunded,card,gurmeet.kadam164@yahoo.com,+917204635714,1744569000,SponsorAChild,10000,1800
pay_62925bd1a01,150000,INR,captured,card,rani.nikam562@outlook.com,+918838572002,1735756200,GirlChildEducation,3000,540
pay_37fef9d1238,150000,INR,captured,netbanking,manoj.shaikh435@outlook.com,+917184350120,1755455400,MonsoonRelief2025,3000,540
pay_4e0abc96ce3,500000,INR,captured,wallet,ramesh.pathan64@yahoo.com,+918131776082,1753468200,SponsorAChild,10000,1800
pay_48febcb766b,50000,INR,captured,netbanking,usha.singh634@yahoo.com,+919404058629,1748716200,GirlChildEducation,1000,180
pay_45f8a85d1ff,250000,INR,captured,wallet,ganesh.nikam507@gmail.com,+916191049912,1753727400,AnnualGala2025,5000,900
pay_373d9f9c419,150000,INR,captured,upi,ayesha.sheikh192@yahoo.com,+919961804286,1746642600,WinterDrive2025,3000,540
pay_73607b10b52,1000000,INR,captured,upi,salman.patil52@gmail.com,+919461842088,1754073000,GirlChildEducation,20000,3600
pay_3cb39dbea88,250000,INR,refunded,wallet,vishal.nikam26@gmail.com,+919461769595,1748025000,GirlChildEducation,5000,900
pay_3d402d087fd,250000,INR,captured,netbanking,kavita.pathan72@outlook.com,+919474875775,1736620200,SponsorAChild,5000,900
pay_11f4f8f7304,2500000,INR,captured,card,komal.shinde13@outlook.com,+916133168702,1745173800,SponsorAChild,50000,9000
pay_72048fd16e2,1000000,INR,captured,card,kavita.pathan72@outlook.com,+919474875775,1748457000,EmergencyMedicalFund,20000,3600
pay_30d1d136da3,50000,INR,captured,wallet,santosh.patil186@yahoo.com,+918415166231,1754159400,GirlChildEducation,1000,180
pay_88ed15a13b5,150000,INR,captured,wallet,iqbal.khan295@outlook.com,+916175468267,1741372200,EmergencyMedicalFund,3000,540
pay_657627a9b8b,1000000,INR,failed,wallet,jaspal.shinde871@gmail.com,+918849269651,1742754600,SponsorAChild,20000,3600
pay_370de717089,200000,INR,failed,wallet,rupali.kale402@gmail.com,+919792695658,1740421800,MonsoonRelief2025,4000,720
