applicant_name,amount_inr,date,installment
Arjun Khan,9000,15/07/2026,2
Harsh Bhosale,24000,15/07/2026,1
Aarav Kale,9000,16/07/2026,1
Anjali Shinde,24000,17/07/2026,1
Zoya Pawar,30000,17/07/2026,1
Shreya Joshi,12000,18/07/2026,1
Kiran Thakur,60000,19/07/2026,1
Aditya Singh,18000,20/07/2026,1
Nandini Mane,60000,21/07/2026,1
Pranav Pawar,12000,21/07/2026,2
Zoya Jadhav,12000,21/07/2026,1
Farhan Mane,60000,23/07/2026,1
Riya Patel,9000,25/07/2026,2
Aarav Patel,9000,26/07/2026,2
Harsh Patil,36000,26/07/2026,1
Anjali Kadam,24000,27/07/2026,1
Soham Naik,18000,27/07/2026,1
tANVI gAIKWAD,48000,27/07/2026,1
Neha Chavan,24000,28/07/2026,1
Kabir Raut,24000,29/07/2026,1
Kabir Khan,60000,30/07/2026,1
Sameer Wagh,18000,30/07/2026,2
Dev Raut,24000,31/07/2026,2
Mohit Chavan,30000,31/07/2026,2
Manav Wagh,30000,01/08/2026,1
Ananya Raut,12000,02/08/2026,2
Sahil Kale,18000,02/08/2026,1
Sakshi Naik,24000,02/08/2026,1
Omkar Gaikwad,30000,03/08/2026,2
krishna more,24000,04/08/2026,1
sANA rAUT,60000,04/08/2026,1
Arjun Kadam,9000,05/08/2026,1
Sahil More,9000,05/08/2026,1
MANAV SALUNKHE,30000,06/08/2026,2
Krishna Mane,9000,07/08/2026,1
tanvi chavan,18000,07/08/2026,2
Diya Wagh,12000,09/08/2026,2
Amruta Chavan,30000,10/08/2026,1
Aditya Gaikwad,18000,11/08/2026,2
Janhavi Patil,15000,11/08/2026,1
Kiran More,12000,11/08/2026,2
Kiran Pawar,48000,13/08/2026,1
janhavi shaikh,24000,14/08/2026,1
Kavya Chavan,18000,15/08/2026,1
Pranav Naik,24000,15/08/2026,1
Zoya Pawar,30000,19/08/2026,2
Chaitali More,36000,20/08/2026,1
Diya Raut,36000,21/08/2026,1
Anjali Kadam,24000,22/08/2026,2
Manav Shaikh,24000,22/08/2026,1
Sneha Raut,9000,22/08/2026,2
Darshan Patel,12000,23/08/2026,2
Harsh Shaikh,9000,23/08/2026,2
Sana Patel,30000,23/08/2026,1
Zoya Gaikwad,9000,24/08/2026,1
Tanvi Patel,15000,26/08/2026,1
Anjali Pawar,36000,27/08/2026,1
Yash Kale,60000,27/08/2026,1
MANAV SALUNKHE,30000,28/08/2026,1
Rahul Kadam,30000,28/08/2026,1
jANHAVI kHAN,48000,28/08/2026,1
Aarav Jadhav,60000,30/08/2026,1
dEEPA cHAVAN,30000,30/08/2026,1
Aditi Patel,9000,31/08/2026,2
Soham Kadam,36000,31/08/2026,1
Aditya Sonawane,15000,01/09/2026,2
Sahil Patil,36000,01/09/2026,1
Kavya Chavan,18000,02/09/2026,2
Pooja Shaikh,30000,02/09/2026,1
Rohan Joshi,18000,03/09/2026,1
Sana Wagh,9000,03/09/2026,1
Yash Wagh,30000,04/09/2026,2
Aarav Gaikwad,12000,06/09/2026,1
Meera Pawar,30000,06/09/2026,2
DEV KAMBLE,30000,10/09/2026,1
RAHUL JOSHI,9000,10/09/2026,2
Yash Shaikh,24000,10/09/2026,1
Chaitali Khan,12000,11/09/2026,1
Lakshmi More,30000,11/09/2026,2
Avni More,60000,12/09/2026,1
Pallavi Singh,60000,12/09/2026,1
Sahil More,9000,13/09/2026,2
tanvi chavan,18000,13/09/2026,1
Aditya More,15000,14/09/2026,1
Aditya Raut,24000,14/09/2026,1
Riya Patel,9000,14/09/2026,1
Diya Wagh,12000,15/09/2026,1
Yash Wagh,30000,15/09/2026,1
KIRAN PATIL,30000,16/09/2026,2
Avni Kamble,48000,18/09/2026,1
Krishna Chavan,12000,19/09/2026,2
Anjali Wagh,60000,20/09/2026,1
Aarav Kale,9000,21/09/2026,2
Pooja Shaikh,30000,21/09/2026,2
Aditya Patil,60000,22/09/2026,1
Soham More,15000,22/09/2026,1
dIYA sHAIKH,30000,22/09/2026,1
Aditya Gaikwad,18000,23/09/2026,1
sakshi kadam,30000,23/09/2026,1
ANJALI KHAN,24000,24/09/2026,1
Yash Jadhav,15000,25/09/2026,1
Gauri Shaikh,24000,26/09/2026,2
Aditya Sonawane,15000,27/09/2026,1
Omkar Gaikwad,30000,28/09/2026,1
KIRAN PATIL,30000,30/09/2026,1
Chaitali Patil,15000,01/10/2026,2
Amruta Chavan,30000,02/10/2026,2
Janhavi Deshmukh,18000,02/10/2026,1
Nikhil Kamble,60000,02/10/2026,1
Ishaan Patel,36000,03/10/2026,1
Nandini Singh,9000,03/10/2026,1
Arjun Khan,9000,04/10/2026,1
Chaitali Shaikh,24000,07/10/2026,2
Sameer Thakur,15000,08/10/2026,2
sakshi kadam,30000,08/10/2026,2
Aniket Shinde,18000,09/10/2026,1
Krishna Mane,9000,09/10/2026,2
Manav Wagh,30000,09/10/2026,2
Priya Joshi,24000,12/10/2026,1
Ira Shinde,18000,15/10/2026,1
harsh singh,24000,15/10/2026,1
dEEPA cHAVAN,30000,16/10/2026,2
Aarav Gaikwad,12000,17/10/2026,2
Ira Mane,15000,18/10/2026,2
Pooja Kale,30000,18/10/2026,1
dIYA sHAIKH,30000,18/10/2026,2
Sana Wagh,9000,19/10/2026,2
Shreya Khan,36000,19/10/2026,1
Ananya Raut,12000,20/10/2026,1
Mohit Naik,15000,21/10/2026,2
Aditya Raut,24000,22/10/2026,2
Nandini Kamble,18000,22/10/2026,1
Aditya Kulkarni,18000,23/10/2026,2
Anjali Deshmukh,24000,23/10/2026,2
Rahul More,9000,23/10/2026,2
kIRAN jOSHI,30000,23/10/2026,1
Sana Joshi,36000,24/10/2026,1
Akash Kale,24000,25/10/2026,1
Tanvi Patel,15000,25/10/2026,2
Pranav Pawar,12000,27/10/2026,1
Darshan Patel,12000,30/10/2026,1
aDITI wAGH,12000,30/10/2026,1
MOHIT BHOSALE,48000,31/10/2026,1
Shreya Deshmukh,48000,01/11/2026,1
Aarav Patel,9000,04/11/2026,1
Chaitali Patil,15000,06/11/2026,1
Rahul Mane,9000,07/11/2026,1
Nikhil Deshmukh,24000,10/11/2026,1
Ira Mane,15000,11/11/2026,1
aARAV mANE,12000,11/11/2026,1
Amruta Kamble,18000,12/11/2026,1
kIRAN kAMBLE,24000,13/11/2026,1
Aniket Chavan,36000,15/11/2026,1
aDITI wAGH,12000,15/11/2026,2
Sameer Jadhav,15000,17/11/2026,1
Sameer Patil,36000,17/11/2026,1
Sneha Raut,9000,17/11/2026,1
Lakshmi More,30000,19/11/2026,1
Yash Jadhav,15000,19/11/2026,2
kIRAN kAMBLE,24000,19/11/2026,2
Farhan Raut,24000,20/11/2026,1
Darshan Deshmukh,18000,21/11/2026,1
Nikhil Jadhav,15000,23/11/2026,2
Aditya More,15000,25/11/2026,2
Chaitali Raut,36000,25/11/2026,1
Harsh Shaikh,9000,26/11/2026,1
Sameer Jadhav,15000,26/11/2026,2
Pallavi Sonawane,24000,29/11/2026,2
kIRAN jOSHI,30000,29/11/2026,2
Harsh Bhosale,24000,30/11/2026,2
Yash Shinde,60000,30/11/2026,1
Sana Patel,30000,01/12/2026,2
mohit kale,18000,01/12/2026,2
Krishna Chavan,12000,02/12/2026,1
Pallavi Sonawane,24000,03/12/2026,1
AVNI RAUT,30000,05/12/2026,1
Gauri Shaikh,24000,06/12/2026,1
Sameer Wagh,18000,06/12/2026,1
Nikhil Jadhav,15000,07/12/2026,1
aARAV mANE,12000,09/12/2026,2
Kiran More,12000,10/12/2026,1
Lakshmi Raut,36000,11/12/2026,1
janhavi shaikh,24000,11/12/2026,2
Soham More,15000,12/12/2026,2
Harsh Kadam,60000,13/12/2026,1
Ira Shinde,18000,13/12/2026,2
Meera Mane,24000,13/12/2026,1
Rahul More,9000,14/12/2026,1
Sameer Thakur,15000,15/12/2026,1
Meera Pawar,30000,16/12/2026,1
Dev Raut,24000,18/12/2026,1
Janhavi Patil,15000,19/12/2026,2
Chaitali Shaikh,24000,21/12/2026,1
Aditya Kulkarni,18000,22/12/2026,1
Arjun Kadam,9000,22/12/2026,2
Nikhil Chavan,36000,22/12/2026,1
Zoya Kulkarni,36000,22/12/2026,1
DEV KAMBLE,30000,23/12/2026,2
Pranav Naik,24000,23/12/2026,2
Aniket Naik,48000,24/12/2026,1
Mohit Chavan,30000,24/12/2026,1
Mohit Naik,15000,24/12/2026,1
Zoya Jadhav,12000,24/12/2026,2
Zoya Kale,60000,25/12/2026,1
Gauri Chavan,18000,27/12/2026,1
Anjali Deshmukh,24000,28/12/2026,1
Rani Shinde,24000,28/12/2026,1
Akash Kulkarni,24000,29/12/2026,1
Kavya Bhosale,12000,29/12/2026,1
Nikhil Deshmukh,24000,29/12/2026,2
Rahul Mane,9000,30/12/2026,2
Nandini Singh,9000,01/01/2027,2
Chaitali Khan,12000,02/01/2027,2
Aditi Patel,9000,05/01/2027,1
Rohan Jadhav,36000,05/01/2027,1
Kavya Bhosale,12000,08/01/2027,2
mohit kale,18000,08/01/2027,1
Zoya Gaikwad,9000,09/01/2027,2
Lakshmi Naik,60000,10/01/2027,1
RAHUL JOSHI,9000,10/01/2027,1
Shreya Joshi,12000,10/01/2027,2
Kabir Raut,24000,11/01/2027,2
Omkar Raut,24000,11/01/2027,1
