_id,_uuid,start,end,today,enumerator/name,hh/village,woman/name,woman/age,woman/phone,visit/anc1,visit/anc2,visit/anc3,visit/anc4,visit/hb_level,visit/bp_systolic,visit/institutional_delivery_planned,_submission_time,_validation_status
900001,a1b2c3000001-uuid-4f2a-2548,2025-06-14T10:10:00,2025-06-14T10:27:00,2025-06-14,Mangal Sayyed,Velhe,Vishal Joshi,36,9634002120,yes,yes,yes,yes,11.6,106,not_sure,2025-06-14T10:27:00,validation_status_approved
900002,a1b2c3000002-uuid-4f2a-8385,2025-03-29T17:54:00,2025-03-29T18:13:00,2025-03-29,Jyoti Sayyed,Rajgurunagar,Rani Sayyed,36,7960137952,yes,yes,,,10.5,138,not_sure,2025-03-29T18:13:00,validation_status_approved
900003,a1b2c3000003-uuid-4f2a-7242,2025-03-22T08:11:00,2025-03-22T08:24:00,2025-03-22,Zarina Bhosale,Khed,Pravin Singh,26,9723826548,yes,yes,yes,,12.7,111,yes,2025-03-22T08:24:00,validation_status_on_hold
900004,a1b2c3000004-uuid-4f2a-2284,2025-04-15T14:44:00,2025-04-15T14:52:00,2025-04-15,Swati Bhosale,Otur,Aslam Joshi,31,8261587306,yes,,,,11.3,96,not_sure,2025-04-15T14:52:00,validation_status_approved
900005,a1b2c3000005-uuid-4f2a-8381,2025-08-17T14:11:00,2025-08-17T14:19:00,2025-08-17,Jyoti Sayyed,Velhe,Neha Rathod,33,7540218682,yes,,,,12.3,103,not_sure,2025-08-17T14:19:00,validation_status_approved
900006,a1b2c3000006-uuid-4f2a-5197,2025-07-28T06:51:00,2025-07-28T07:16:00,2025-07-28,Mangal Sayyed,Daund,Anil Deshmukh,25,7898426163,yes,,,,13.1,126,not_sure,2025-07-28T07:16:00,validation_status_approved
900007,a1b2c3000007-uuid-4f2a-2916,2025-08-13T11:47:00,2025-08-13T12:00:00,2025-08-13,Kavita Kulkarni,Velhe,Ramesh Kadam,35,7229183095,yes,yes,yes,yes,11.0,123,not_sure,2025-08-13T12:00:00,validation_status_approved
900008,a1b2c3000008-uuid-4f2a-8639,2025-08-19T17:18:00,2025-08-19T17:39:00,2025-08-19,Kavita Kulkarni,Shirur,Kalpana Kaur,28,6247745413,yes,yes,,,8.7,135,no,2025-08-19T17:39:00,validation_status_approved
900009,a1b2c3000009-uuid-4f2a-1213,2025-04-06T18:09:00,2025-04-06T18:25:00,2025-04-06,Jyoti Sayyed,Purandar,Pooja Kaur,28,8168377384,yes,,,,12.2,129,no,2025-04-06T18:25:00,validation_status_approved
900010,a1b2c3000010-uuid-4f2a-1316,2025-08-28T11:34:00,2025-08-28T11:43:00,2025-08-28,Jyoti Sayyed,Purandar,Ayesha Sayyed,27,6613006051,yes,yes,yes,yes,10.0,105,not_sure,2025-08-28T11:43:00,validation_status_approved
900011,a1b2c3000011-uuid-4f2a-7524,2025-05-25T10:00:00,2025-05-25T10:24:00,2025-05-25,Mangal Sayyed,Khed,Komal Chavan,21,6654216615,yes,yes,yes,yes,11.2,115,yes,2025-05-25T10:24:00,validation_status_approved
900012,a1b2c3000012-uuid-4f2a-4353,2025-08-16T12:29:00,2025-08-16T12:46:00,2025-08-16,Mangal Sayyed,Manchar,Neha Shaikh,19,7138045276,yes,yes,yes,,10.3,138,no,2025-08-16T12:46:00,validation_status_approved
900013,a1b2c3000013-uuid-4f2a-1507,2025-05-21T12:49:00,2025-05-21T13:00:00,2025-05-21,Swati Bhosale,Purandar,Manoj Bhosale,32,9283244380,yes,yes,yes,yes,9.1,116,no,2025-05-21T13:00:00,validation_status_approved
900014,a1b2c3000014-uuid-4f2a-2897,2025-06-30T18:15:00,2025-06-30T18:29:00,2025-06-30,Komal Kaur,Baramati,Divya Pathan,31,8798125198,yes,,,,10.3,97,yes,2025-06-30T18:29:00,validation_status_approved
900015,a1b2c3000015-uuid-4f2a-8676,2025-07-25T14:41:00,2025-07-25T14:57:00,2025-07-25,Komal Kaur,Shirur,Gurmeet Bhosale,28,9269831106,yes,yes,yes,yes,10.2,115,yes,2025-07-25T14:57:00,validation_status_approved
900016,a1b2c3000016-uuid-4f2a-5543,2025-07-29T16:11:00,2025-07-29T16:34:00,2025-07-29,Swati Bhosale,Velhe,Sunita Chavan,26,6306116865,yes,yes,,,12.7,135,no,2025-07-29T16:34:00,validation_status_approved
900017,a1b2c3000017-uuid-4f2a-1302,2025-03-12T12:18:00,2025-03-12T12:38:00,2025-03-12,Komal Kaur,Manchar,Firoz Singh,35,9765385957,yes,yes,yes,yes,11.9,124,not_sure,2025-03-12T12:38:00,validation_status_approved
900018,a1b2c3000018-uuid-4f2a-8512,2025-04-15T12:18:00,2025-04-15T12:31:00,2025-04-15,Zarina Bhosale,Narayangaon,Vishal Bagul,35,9310471914,yes,yes,yes,yes,9.9,133,no,2025-04-15T12:31:00,validation_status_approved
900019,a1b2c3000019-uuid-4f2a-3885,2025-04-06T15:38:00,2025-04-06T15:57:00,2025-04-06,Zarina Bhosale,Saswad,Jaspal Bhoir,28,7945007056,yes,yes,yes,yes,11.3,116,not_sure,2025-04-06T15:57:00,validation_status_approved
900020,a1b2c3000020-uuid-4f2a-1316,2025-06-16T12:02:00,2025-06-16T12:12:00,2025-06-16,Komal Kaur,Manchar,Amit Pathan,20,6279646199,yes,yes,yes,,11.2,120,not_sure,2025-06-16T12:12:00,validation_status_approved
900021,a1b2c3000021-uuid-4f2a-3419,2025-07-28T14:48:00,2025-07-28T15:12:00,2025-07-28,Kavita Kulkarni,Bhor,Nitin Khan,30,6341749971,yes,yes,yes,,13.5,99,not_sure,2025-07-28T15:12:00,validation_status_approved
900022,a1b2c3000022-uuid-4f2a-3396,2025-06-26T15:27:00,2025-06-26T15:44:00,2025-06-26,Kavita Kulkarni,Mulshi,Simran Kulkarni,28,6484197413,yes,yes,,,9.4,131,no,2025-06-26T15:44:00,validation_status_approved
900023,a1b2c3000023-uuid-4f2a-8839,2025-08-20T12:03:00,2025-08-20T12:13:00,2025-08-20,Komal Kaur,Shirval,Nitin Ansari,32,8237872583,yes,yes,,,12.0,108,no,2025-08-20T12:13:00,validation_status_approved
900024,a1b2c3000024-uuid-4f2a-4628,2025-07-22T11:50:00,2025-07-22T12:06:00,2025-07-22,Zarina Bhosale,Ambegaon,Jaspal Jadhav,19,7879705066,yes,,,,11.4,120,no,2025-07-22T12:06:00,validation_status_approved
900025,a1b2c3000025-uuid-4f2a-3180,2025-06-09T10:27:00,2025-06-09T10:38:00,2025-06-09,Kavita Kulkarni,Saswad,Fatima Sayyed,23,9563324755,yes,yes,,,8.6,103,yes,2025-06-09T10:38:00,validation_status_approved
900026,a1b2c3000026-uuid-4f2a-3624,2025-03-26T11:55:00,2025-03-26T12:15:00,2025-03-26,Zarina Bhosale,Ambegaon,Jaspal Sawant,33,9923996133,yes,yes,,,10.8,98,yes,2025-03-26T12:15:00,validation_status_approved
900027,a1b2c3000027-uuid-4f2a-5339,2025-08-05T18:10:00,2025-08-05T18:26:00,2025-08-05,Swati Bhosale,Maval,Harpreet Pawar,37,8900442994,yes,yes,yes,yes,8.9,111,no,2025-08-05T18:26:00,validation_status_on_hold
900028,a1b2c3000028-uuid-4f2a-4961,2025-08-25T09:21:00,2025-08-25T09:44:00,2025-08-25,Swati Bhosale,Ambegaon,Rukhsar Kaur,28,6791899021,yes,yes,yes,,10.0,127,no,2025-08-25T09:44:00,validation_status_approved
900029,a1b2c3000029-uuid-4f2a-3873,2025-06-02T08:41:00,2025-06-02T08:53:00,2025-06-02,Swati Bhosale,Baramati,Mahesh Bagul,19,7224421023,yes,,,,12.8,125,not_sure,2025-06-02T08:53:00,validation_status_approved
900030,a1b2c3000030-uuid-4f2a-1582,2025-07-07T11:06:00,2025-07-07T11:20:00,2025-07-07,Kavita Kulkarni,Otur,Sarita Chavan,36,8206037914,yes,yes,yes,yes,12.5,138,yes,2025-07-07T11:20:00,validation_status_on_hold
900031,a1b2c3000031-uuid-4f2a-1750,2025-03-30T08:32:00,2025-03-30T08:44:00,2025-03-30,Zarina Bhosale,Mulshi,Rukhsar Gawde,37,9255703119,yes,yes,yes,,8.8,119,yes,2025-03-30T08:44:00,validation_status_approved
900032,a1b2c3000032-uuid-4f2a-8371,2025-04-07T14:37:00,2025-04-07T14:56:00,2025-04-07,Swati Bhosale,Shirur,Rupali Shinde,29,8833932502,yes,yes,,,12.3,135,no,2025-04-07T14:56:00,validation_status_on_hold
900033,a1b2c3000033-uuid-4f2a-4574,2025-04-06T18:45:00,2025-04-06T18:54:00,2025-04-06,Jyoti Sayyed,Khed,Aslam Chavan,18,7482861997,yes,yes,yes,,13.2,133,yes,2025-04-06T18:54:00,validation_status_on_hold
900034,a1b2c3000034-uuid-4f2a-3930,2025-08-13T08:45:00,2025-08-13T08:59:00,2025-08-13,Swati Bhosale,Khed,Manoj Salunkhe,27,6967634565,yes,yes,yes,,8.9,109,yes,2025-08-13T08:59:00,validation_status_approved
900035,a1b2c3000035-uuid-4f2a-2596,2025-06-10T13:16:00,2025-06-10T13:31:00,2025-06-10,Kavita Kulkarni,Saswad,Zarina Bhoir,28,6123887940,yes,yes,yes,,13.3,117,yes,2025-06-10T13:31:00,validation_status_on_hold
900036,a1b2c3000036-uuid-4f2a-3448,2025-06-19T10:05:00,2025-06-19T10:16:00,2025-06-19,Kavita Kulkarni,Indapur,Rekha Sayyed,22,6546291542,yes,yes,,,9.3,104,yes,2025-06-19T10:16:00,validation_status_on_hold
900037,a1b2c3000037-uuid-4f2a-2219,2025-07-01T13:19:00,2025-07-01T13:35:00,2025-07-01,Swati Bhosale,Saswad,Kavita Nikam,27,8830762333,yes,,,,10.1,103,no,2025-07-01T13:35:00,validation_status_approved
900038,a1b2c3000038-uuid-4f2a-4833,2025-05-23T13:31:00,2025-05-23T13:55:00,2025-05-23,Komal Kaur,Shirur,Rahul Gaikwad,18,8672479358,yes,yes,,,12.1,111,no,2025-05-23T13:55:00,validation_status_approved
900039,a1b2c3000039-uuid-4f2a-8709,2025-05-20T12:40:00,2025-05-20T12:54:00,2025-05-20,Kavita Kulkarni,Rajgurunagar,Komal Pawar,23,8690554798,yes,yes,yes,,13.1,111,no,2025-05-20T12:54:00,validation_status_approved
900040,a1b2c3000040-uuid-4f2a-3046,2025-03-31T16:30:00,2025-03-31T16:47:00,2025-03-31,Mangal Sayyed,Maval,Savita Gaikwad,27,6235277759,yes,,,,12.0,118,no,2025-03-31T16:47:00,validation_status_approved
900041,a1b2c3000041-uuid-4f2a-7987,2025-06-10T18:13:00,2025-06-10T18:37:00,2025-06-10,Swati Bhosale,Otur,Santosh More,34,7659262752,yes,yes,yes,yes,10.2,100,yes,2025-06-10T18:37:00,validation_status_approved
900042,a1b2c3000042-uuid-4f2a-1414,2025-03-09T15:19:00,2025-03-09T15:33:00,2025-03-09,Swati Bhosale,Narayangaon,Jaspal Pathan,24,6765494811,,,,,,,no,2025-03-09T15:33:00,validation_status_approved
900043,a1b2c3000043-uuid-4f2a-6033,2025-05-19T13:52:00,2025-05-19T14:07:00,2025-05-19,Mangal Sayyed,Junnar,Rekha Bagul,28,8312324031,yes,yes,yes,,13.3,103,not_sure,2025-05-19T14:07:00,validation_status_on_hold
900044,a1b2c3000044-uuid-4f2a-4541,2025-07-02T17:18:00,2025-07-02T17:31:00,2025-07-02,Mangal Sayyed,Otur,Kajal Kadam,37,9442520708,yes,yes,yes,yes,11.9,109,yes,2025-07-02T17:31:00,validation_status_approved
900045,a1b2c3000045-uuid-4f2a-5654,2025-07-23T12:32:00,2025-07-23T12:45:00,2025-07-23,Jyoti Sayyed,Haveli,Santosh Shinde,32,6139382045,yes,yes,yes,,12.7,119,no,2025-07-23T12:45:00,validation_status_approved
900046,a1b2c3000046-uuid-4f2a-8353,2025-07-07T17:11:00,2025-07-07T17:36:00,2025-07-07,Kavita Kulkarni,Mulshi,Balwinder Sheikh,20,7147426822,yes,,,,13.2,108,yes,2025-07-07T17:36:00,validation_status_approved
900047,a1b2c3000047-uuid-4f2a-7073,2025-03-29T11:27:00,2025-03-29T11:42:00,2025-03-29,Zarina Bhosale,Maval,Vishal Gawde,30,8936183802,yes,yes,yes,yes,12.7,129,yes,2025-03-29T11:42:00,validation_status_approved
900048,a1b2c3000048-uuid-4f2a-5586,2025-05-07T15:06:00,2025-05-07T15:19:00,2025-05-07,Jyoti Sayyed,Narayangaon,Swati Kulkarni,20,7970074559,yes,yes,,,10.7,123,not_sure,2025-05-07T15:19:00,
900049,a1b2c3000049-uuid-4f2a-5774,2025-05-09T11:47:00,2025-05-09T12:05:00,2025-05-09,Kavita Kulkarni,Saswad,Vijay Ansari,24,6986940014,yes,yes,yes,,9.9,134,no,2025-05-09T12:05:00,
900050,a1b2c3000050-uuid-4f2a-9582,2025-07-27T14:50:00,2025-07-27T15:05:00,2025-07-27,Jyoti Sayyed,Velhe,Sunita Bhosale,23,7826200271,yes,yes,yes,yes,8.7,138,not_sure,2025-07-27T15:05:00,validation_status_approved
900051,a1b2c3000051-uuid-4f2a-5017,2025-05-27T16:45:00,2025-05-27T17:06:00,2025-05-27,Kavita Kulkarni,Shirur,Gurpreet Gaikwad,34,8995524514,yes,yes,,,8.8,111,yes,2025-05-27T17:06:00,validation_status_approved
900052,a1b2c3000052-uuid-4f2a-5768,2025-04-02T10:19:00,2025-04-02T10:43:00,2025-04-02,Zarina Bhosale,Baramati,Prakash Jadhav,33,9975225216,yes,yes,yes,,11.9,128,yes,2025-04-02T10:43:00,validation_status_approved
900053,a1b2c3000053-uuid-4f2a-9462,2025-06-30T18:05:00,2025-06-30T18:25:00,2025-06-30,Zarina Bhosale,Saswad,Kiran Rathod,22,6620792266,yes,yes,yes,,9.3,129,not_sure,2025-06-30T18:25:00,validation_status_approved
900054,a1b2c3000054-uuid-4f2a-6127,2025-06-02T07:20:00,2025-06-02T07:35:00,2025-06-02,Komal Kaur,Velhe,Fatima Gaikwad,29,9962916362,yes,,,,13.5,108,not_sure,2025-06-02T07:35:00,validation_status_approved
900055,a1b2c3000055-uuid-4f2a-2617,2025-08-10T15:01:00,2025-08-10T15:22:00,2025-08-10,Jyoti Sayyed,Indapur,Rupali Sawant,24,7658695718,yes,yes,yes,yes,12.6,138,no,2025-08-10T15:22:00,validation_status_approved
900056,a1b2c3000056-uuid-4f2a-8926,2025-06-03T15:16:00,2025-06-03T15:31:00,2025-06-03,Mangal Sayyed,Shirur,Pravin Chowdhury,37,7229307333,yes,yes,,,10.6,108,no,2025-06-03T15:31:00,validation_status_approved
900057,a1b2c3000057-uuid-4f2a-8810,2025-04-06T07:03:00,2025-04-06T07:14:00,2025-04-06,Komal Kaur,Rajgurunagar,Akash Waghmare,32,6505106506,yes,yes,yes,,8.8,134,not_sure,2025-04-06T07:14:00,validation_status_approved
900058,a1b2c3000058-uuid-4f2a-3599,2025-06-01T14:11:00,2025-06-01T14:25:00,2025-06-01,Jyoti Sayyed,Otur,Dinesh Jadhav,19,6786037667,yes,yes,yes,yes,10.2,122,yes,2025-06-01T14:25:00,validation_status_on_hold
900059,a1b2c3000059-uuid-4f2a-6614,2025-08-26T11:23:00,2025-08-26T11:38:00,2025-08-26,Swati Bhosale,Maval,Gurpreet Waghmare,35,6816720995,yes,,,,10.3,105,no,2025-08-26T11:38:00,validation_status_approved
900060,a1b2c3000060-uuid-4f2a-1298,2025-04-21T10:28:00,2025-04-21T10:51:00,2025-04-21,Swati Bhosale,Wadgaon,Harpreet Sheikh,29,7103509105,yes,yes,yes,yes,13.3,98,no,2025-04-21T10:51:00,validation_status_approved
900061,a1b2c3000061-uuid-4f2a-4286,2025-07-08T11:25:00,2025-07-08T11:38:00,2025-07-08,Mangal Sayyed,Bhor,Pooja Gawde,32,7327597277,yes,yes,yes,yes,11.8,113,not_sure,2025-07-08T11:38:00,validation_status_approved
900062,a1b2c3000062-uuid-4f2a-8914,2025-06-14T10:32:00,2025-06-14T10:52:00,2025-06-14,Komal Kaur,Daund,Vandana Chowdhury,23,6706684298,yes,yes,,,11.5,113,yes,2025-06-14T10:52:00,validation_status_approved
900063,a1b2c3000063-uuid-4f2a-8342,2025-03-22T10:41:00,2025-03-22T11:03:00,2025-03-22,Komal Kaur,Rajgurunagar,Manoj Thorat,34,8644560980,yes,yes,yes,,9.6,120,no,2025-03-22T11:03:00,validation_status_on_hold
900064,a1b2c3000064-uuid-4f2a-5862,2025-07-17T13:49:00,2025-07-17T14:12:00,2025-07-17,Komal Kaur,Shirval,Om Kaur,29,9364988897,yes,yes,yes,,10.0,105,no,2025-07-17T14:12:00,validation_status_approved
900065,a1b2c3000065-uuid-4f2a-2830,2025-03-26T11:15:00,2025-03-26T11:38:00,2025-03-26,Zarina Bhosale,Ambegaon,Komal Mane,34,6487583591,,,,,,,yes,2025-03-26T11:38:00,
900066,a1b2c3000066-uuid-4f2a-1732,2025-06-03T09:28:00,2025-06-03T09:38:00,2025-06-03,Swati Bhosale,Junnar,Radha Suryawanshi,22,7651198742,yes,yes,,,8.5,129,yes,2025-06-03T09:38:00,validation_status_approved
900067,a1b2c3000067-uuid-4f2a-5684,2025-07-25T12:11:00,2025-07-25T12:24:00,2025-07-25,Swati Bhosale,Shirur,Harpreet Ansari,27,8756204564,yes,,,,10.8,118,yes,2025-07-25T12:24:00,
900068,a1b2c3000068-uuid-4f2a-9319,2025-03-03T13:08:00,2025-03-03T13:22:00,2025-03-03,Kavita Kulkarni,Rajgurunagar,Balwinder Kadam,36,7743907017,yes,yes,,,9.1,104,no,2025-03-03T13:22:00,validation_status_approved
900069,a1b2c3000069-uuid-4f2a-5114,2025-05-02T16:48:00,2025-05-02T17:03:00,2025-05-02,Zarina Bhosale,Rajgurunagar,Zarina Dhumal,19,8695329040,yes,yes,yes,yes,13.0,101,not_sure,2025-05-02T17:03:00,validation_status_approved
900070,a1b2c3000070-uuid-4f2a-8129,2025-07-06T18:49:00,2025-07-06T18:58:00,2025-07-06,Mangal Sayyed,Daund,Anjali Thorat,19,9284063407,yes,,,,12.2,117,yes,2025-07-06T18:58:00,
900071,a1b2c3000071-uuid-4f2a-6912,2025-03-28T17:46:00,2025-03-28T17:58:00,2025-03-28,Kavita Kulkarni,Daund,Dinesh Bhosale,22,8974463854,yes,yes,,,8.9,118,no,2025-03-28T17:58:00,validation_status_approved
900072,a1b2c3000072-uuid-4f2a-2877,2025-08-18T07:17:00,2025-08-18T07:41:00,2025-08-18,Mangal Sayyed,Baramati,Meena Pawar,35,8849188502,yes,yes,yes,,9.2,133,not_sure,2025-08-18T07:41:00,validation_status_approved
900073,a1b2c3000073-uuid-4f2a-1287,2025-06-12T18:35:00,2025-06-12T18:52:00,2025-06-12,Swati Bhosale,Shirur,Sarita Mane,26,6256195674,yes,yes,yes,,10.0,124,yes,2025-06-12T18:52:00,validation_status_approved
900074,a1b2c3000074-uuid-4f2a-1224,2025-08-15T16:13:00,2025-08-15T16:30:00,2025-08-15,Swati Bhosale,Otur,Salman Jadhav,26,6332391463,yes,yes,yes,,8.9,102,yes,2025-08-15T16:30:00,validation_status_approved
900075,a1b2c3000075-uuid-4f2a-7801,2025-08-10T14:54:00,2025-08-10T15:10:00,2025-08-10,Swati Bhosale,Haveli,Deepa Bagul,22,7898547539,yes,yes,yes,,11.2,113,not_sure,2025-08-10T15:10:00,validation_status_approved
900076,a1b2c3000076-uuid-4f2a-5479,2025-07-13T09:42:00,2025-07-13T10:04:00,2025-07-13,Jyoti Sayyed,Manchar,Kajal Bhoir,22,6493839795,yes,yes,yes,,9.8,132,yes,2025-07-13T10:04:00,validation_status_on_hold
900077,a1b2c3000077-uuid-4f2a-5448,2025-05-15T07:57:00,2025-05-15T08:09:00,2025-05-15,Kavita Kulkarni,Manchar,Nitin Thorat,33,7948793361,yes,yes,yes,,8.7,124,yes,2025-05-15T08:09:00,validation_status_approved
900078,a1b2c3000078-uuid-4f2a-1239,2025-04-23T08:53:00,2025-04-23T09:12:00,2025-04-23,Jyoti Sayyed,Manchar,Akash Gaikwad,25,7796115042,yes,yes,,,11.3,113,not_sure,2025-04-23T09:12:00,validation_status_approved
900079,a1b2c3000079-uuid-4f2a-8294,2025-08-01T14:36:00,2025-08-01T14:50:00,2025-08-01,Komal Kaur,Khed,Neha Mane,37,7521120014,yes,yes,yes,yes,10.3,104,yes,2025-08-01T14:50:00,validation_status_approved
900080,a1b2c3000080-uuid-4f2a-8247,2025-08-09T09:20:00,2025-08-09T09:39:00,2025-08-09,Swati Bhosale,Ambegaon,Fatima Bhoir,18,9424967858,yes,yes,yes,yes,12.5,134,yes,2025-08-09T09:39:00,validation_status_approved
900081,a1b2c3000081-uuid-4f2a-9222,2025-03-11T14:05:00,2025-03-11T14:29:00,2025-03-11,Swati Bhosale,Maval,Manisha Gawde,31,9895171222,yes,yes,yes,yes,10.1,113,not_sure,2025-03-11T14:29:00,validation_status_on_hold
900082,a1b2c3000082-uuid-4f2a-5605,2025-03-25T17:43:00,2025-03-25T17:59:00,2025-03-25,Zarina Bhosale,Narayangaon,Kalpana Rathod,28,6200612830,yes,,,,8.7,137,no,2025-03-25T17:59:00,validation_status_approved
900083,a1b2c3000083-uuid-4f2a-2994,2025-03-19T13:57:00,2025-03-19T14:17:00,2025-03-19,Swati Bhosale,Wadgaon,Deepa Deshmukh,37,9681432844,yes,,,,10.3,125,no,2025-03-19T14:17:00,validation_status_approved
900084,a1b2c3000084-uuid-4f2a-9910,2025-03-10T10:17:00,2025-03-10T10:34:00,2025-03-10,Komal Kaur,Velhe,Pravin Deshmukh,21,7413570709,yes,yes,yes,,9.0,116,no,2025-03-10T10:34:00,validation_status_approved
900085,a1b2c3000085-uuid-4f2a-5414,2025-05-29T07:25:00,2025-05-29T07:46:00,2025-05-29,Kavita Kulkarni,Manchar,Savita Nikam,37,8474686907,yes,yes,yes,,11.9,125,no,2025-05-29T07:46:00,validation_status_approved
900086,a1b2c3000086-uuid-4f2a-5142,2025-03-27T14:33:00,2025-03-27T14:49:00,2025-03-27,Mangal Sayyed,Daund,Rupali Thorat,33,8663386623,yes,yes,yes,,9.0,106,not_sure,2025-03-27T14:49:00,validation_status_approved
900087,a1b2c3000087-uuid-4f2a-4858,2025-05-31T11:39:00,2025-05-31T11:50:00,2025-05-31,Swati Bhosale,Mulshi,Archana Shaikh,29,7345382178,,,,,,,not_sure,2025-05-31T11:50:00,validation_status_on_hold
900088,a1b2c3000088-uuid-4f2a-6462,2025-04-25T07:23:00,2025-04-25T07:36:00,2025-04-25,Komal Kaur,Purandar,Deepa Chavan,23,6897423352,yes,yes,,,11.6,127,not_sure,2025-04-25T07:36:00,validation_status_approved
900089,a1b2c3000089-uuid-4f2a-7499,2025-04-04T16:36:00,2025-04-04T16:57:00,2025-04-04,Komal Kaur,Shirur,Salman Shaikh,38,9463414791,yes,yes,,,11.8,113,no,2025-04-04T16:57:00,validation_status_approved
900090,a1b2c3000090-uuid-4f2a-1270,2025-06-22T08:45:00,2025-06-22T09:02:00,2025-06-22,Kavita Kulkarni,Maval,Deepa Kulkarni,19,6812500784,yes,,,,10.4,99,yes,2025-06-22T09:02:00,validation_status_approved
900091,a1b2c3000091-uuid-4f2a-2761,2025-06-13T15:29:00,2025-06-13T15:50:00,2025-06-13,Komal Kaur,Saswad,Kajal Singh,37,8200559580,yes,yes,yes,yes,13.3,106,not_sure,2025-06-13T15:50:00,validation_status_approved
900092,a1b2c3000092-uuid-4f2a-8623,2025-04-06T11:07:00,2025-04-06T11:19:00,2025-04-06,Jyoti Sayyed,Indapur,Deepa Shinde,30,8737945570,yes,yes,,,11.5,99,yes,2025-04-06T11:19:00,validation_status_approved
900093,a1b2c3000093-uuid-4f2a-9185,2025-05-21T15:50:00,2025-05-21T16:14:00,2025-05-21,Zarina Bhosale,Junnar,Firoz Chowdhury,36,8741894707,yes,yes,yes,yes,12.2,132,yes,2025-05-21T16:14:00,validation_status_on_hold
900094,a1b2c3000094-uuid-4f2a-3223,2025-04-14T14:45:00,2025-04-14T15:01:00,2025-04-14,Komal Kaur,Junnar,Aslam Bhoir,36,7370839459,yes,,,,10.1,136,no,2025-04-14T15:01:00,validation_status_approved
900095,a1b2c3000095-uuid-4f2a-7695,2025-04-27T17:28:00,2025-04-27T17:37:00,2025-04-27,Jyoti Sayyed,Otur,Rahul Rathod,38,7545759698,yes,yes,,,12.2,107,no,2025-04-27T17:37:00,validation_status_approved
900096,a1b2c3000096-uuid-4f2a-5530,2025-03-10T16:08:00,2025-03-10T16:18:00,2025-03-10,Mangal Sayyed,Velhe,Sandeep Gaikwad,30,7626458997,yes,yes,yes,,10.0,135,no,2025-03-10T16:18:00,validation_status_approved
900097,a1b2c3000097-uuid-4f2a-9534,2025-05-05T16:44:00,2025-05-05T17:06:00,2025-05-05,Mangal Sayyed,Mulshi,Rahul Kale,31,7533350755,yes,yes,,,9.5,98,yes,2025-05-05T17:06:00,
900098,a1b2c3000098-uuid-4f2a-1052,2025-08-04T14:49:00,2025-08-04T15:01:00,2025-08-04,Swati Bhosale,Khed,Iqbal Salunkhe,34,6658324989,yes,,,,10.9,98,not_sure,2025-08-04T15:01:00,validation_status_approved
900099,a1b2c3000099-uuid-4f2a-1338,2025-03-14T08:31:00,2025-03-14T08:48:00,2025-03-14,Komal Kaur,Ambegaon,Kalpana Nikam,23,6115102952,yes,,,,13.3,105,not_sure,2025-03-14T08:48:00,validation_status_approved
900100,a1b2c3000100-uuid-4f2a-1399,2025-06-01T18:30:00,2025-06-01T18:53:00,2025-06-01,Jyoti Sayyed,Narayangaon,Vandana Pawar,19,6482417016,yes,yes,,,9.2,112,no,2025-06-01T18:53:00,validation_status_approved
900101,a1b2c3000101-uuid-4f2a-3041,2025-06-01T18:21:00,2025-06-01T18:33:00,2025-06-01,Komal Kaur,Purandar,Sunita Pathan,29,7950968479,yes,yes,,,10.8,128,not_sure,2025-06-01T18:33:00,validation_status_approved
900102,a1b2c3000102-uuid-4f2a-9697,2025-08-15T08:19:00,2025-08-15T08:40:00,2025-08-15,Mangal Sayyed,Purandar,Aslam Sayyed,31,6104804596,yes,,,,11.2,107,not_sure,2025-08-15T08:40:00,validation_status_approved
900103,a1b2c3000103-uuid-4f2a-1726,2025-04-23T15:00:00,2025-04-23T15:22:00,2025-04-23,Swati Bhosale,Manchar,Sunita Kale,31,6605377000,yes,yes,yes,,9.0,99,yes,2025-04-23T15:22:00,validation_status_approved
900104,a1b2c3000104-uuid-4f2a-3879,2025-08-02T07:16:00,2025-08-02T07:29:00,2025-08-02,Swati Bhosale,Daund,Sunita Deshmukh,30,9832550650,yes,yes,,,12.4,137,yes,2025-08-02T07:29:00,validation_status_approved
900105,a1b2c3000105-uuid-4f2a-8902,2025-06-04T14:14:00,2025-06-04T14:24:00,2025-06-04,Swati Bhosale,Daund,Balwinder Kulkarni,21,8847887060,yes,yes,yes,yes,11.5,138,yes,2025-06-04T14:24:00,validation_status_approved
900106,a1b2c3000106-uuid-4f2a-1691,2025-04-22T18:06:00,2025-04-22T18:16:00,2025-04-22,Swati Bhosale,Velhe,Ramesh Kale,26,7312707414,,,,,,,no,2025-04-22T18:16:00,validation_status_approved
900107,a1b2c3000107-uuid-4f2a-9280,2025-08-15T06:55:00,2025-08-15T07:10:00,2025-08-15,Mangal Sayyed,Baramati,Vishal Patil,32,6387291954,yes,yes,yes,,11.7,106,not_sure,2025-08-15T07:10:00,validation_status_approved
900108,a1b2c3000108-uuid-4f2a-5910,2025-07-02T14:40:00,2025-07-02T15:02:00,2025-07-02,Jyoti Sayyed,Haveli,Rohan Joshi,36,6939336000,yes,yes,yes,yes,11.4,96,not_sure,2025-07-02T15:02:00,validation_status_approved
900109,a1b2c3000109-uuid-4f2a-3062,2025-05-06T15:04:00,2025-05-06T15:23:00,2025-05-06,Mangal Sayyed,Junnar,Simran Mane,34,6444510054,yes,yes,,,13.4,100,no,2025-05-06T15:23:00,
900110,a1b2c3000110-uuid-4f2a-8605,2025-03-17T17:57:00,2025-03-17T18:22:00,2025-03-17,Mangal Sayyed,Saswad,Mahesh Sayyed,35,6243357710,yes,yes,yes,yes,13.5,131,yes,2025-03-17T18:22:00,validation_status_approved
900111,a1b2c3000111-uuid-4f2a-1285,2025-08-10T07:02:00,2025-08-10T07:21:00,2025-08-10,Komal Kaur,Otur,Sarita Yadav,24,7505439197,yes,yes,yes,yes,9.4,110,no,2025-08-10T07:21:00,validation_status_approved
900112,a1b2c3000112-uuid-4f2a-2120,2025-05-16T14:23:00,2025-05-16T14:46:00,2025-05-16,Swati Bhosale,Khed,Kavita Bhoir,36,6199688305,yes,yes,yes,,11.9,119,no,2025-05-16T14:46:00,
900113,a1b2c3000113-uuid-4f2a-4820,2025-08-14T06:50:00,2025-08-14T07:11:00,2025-08-14,Swati Bhosale,Mulshi,Sanjay Kaur,31,7734756247,yes,yes,,,11.9,120,not_sure,2025-08-14T07:11:00,validation_status_approved
900114,a1b2c3000114-uuid-4f2a-5559,2025-07-03T07:48:00,2025-07-03T08:11:00,2025-07-03,Swati Bhosale,Daund,Sanjay Sawant,19,6893195695,yes,yes,,,11.1,125,no,2025-07-03T08:11:00,validation_status_approved
900115,a1b2c3000115-uuid-4f2a-4512,2025-06-23T15:56:00,2025-06-23T16:11:00,2025-06-23,Komal Kaur,Velhe,Neha Joshi,35,6259641331,yes,yes,yes,,12.1,113,yes,2025-06-23T16:11:00,validation_status_approved
900116,a1b2c3000116-uuid-4f2a-9519,2025-07-27T18:27:00,2025-07-27T18:39:00,2025-07-27,Komal Kaur,Narayangaon,Sandeep Kaur,25,6847366006,yes,yes,yes,yes,10.7,99,no,2025-07-27T18:39:00,validation_status_approved
900117,a1b2c3000117-uuid-4f2a-5735,2025-04-29T16:19:00,2025-04-29T16:36:00,2025-04-29,Zarina Bhosale,Bhor,Vishal Ansari,19,7842743714,yes,yes,yes,yes,8.7,106,yes,2025-04-29T16:36:00,validation_status_approved
900118,a1b2c3000118-uuid-4f2a-4772,2025-03-31T07:23:00,2025-03-31T07:43:00,2025-03-31,Swati Bhosale,Daund,Karan Nikam,35,6321379432,yes,,,,13.3,131,not_sure,2025-03-31T07:43:00,validation_status_approved
900119,a1b2c3000119-uuid-4f2a-2919,2025-06-09T15:36:00,2025-06-09T15:50:00,2025-06-09,Kavita Kulkarni,Bhor,Snehal Ansari,32,7116311983,yes,yes,,,10.6,128,yes,2025-06-09T15:50:00,validation_status_approved
900120,a1b2c3000120-uuid-4f2a-6245,2025-05-13T12:09:00,2025-05-13T12:24:00,2025-05-13,Swati Bhosale,Mulshi,Pallavi Chavan,29,9662962245,yes,yes,,,10.3,112,no,2025-05-13T12:24:00,validation_status_approved
900121,a1b2c3000121-uuid-4f2a-4673,2025-03-30T15:35:00,2025-03-30T15:59:00,2025-03-30,Komal Kaur,Shirval,Pooja Kaur,21,9669456716,yes,yes,yes,yes,8.8,132,yes,2025-03-30T15:59:00,validation_status_approved
900122,a1b2c3000122-uuid-4f2a-5942,2025-07-05T13:07:00,2025-07-05T13:27:00,2025-07-05,Kavita Kulkarni,Saswad,Sachin Khan,38,7453045759,yes,,,,11.9,105,no,2025-07-05T13:27:00,validation_status_approved
900123,a1b2c3000123-uuid-4f2a-5528,2025-07-01T15:25:00,2025-07-01T15:40:00,2025-07-01,Mangal Sayyed,Purandar,Rukhsar Sawant,18,6670030320,yes,yes,yes,yes,9.6,127,no,2025-07-01T15:40:00,validation_status_on_hold
900124,a1b2c3000124-uuid-4f2a-6879,2025-08-19T09:56:00,2025-08-19T10:14:00,2025-08-19,Zarina Bhosale,Junnar,Sachin Jadhav,29,8394930473,yes,yes,yes,yes,13.1,136,no,2025-08-19T10:14:00,validation_status_approved
900125,a1b2c3000125-uuid-4f2a-1270,2025-08-28T08:41:00,2025-08-28T08:53:00,2025-08-28,Kavita Kulkarni,Otur,Sachin Patil,34,9612803793,yes,yes,yes,yes,11.9,137,not_sure,2025-08-28T08:53:00,validation_status_approved
900126,a1b2c3000126-uuid-4f2a-4629,2025-07-01T18:15:00,2025-07-01T18:30:00,2025-07-01,Komal Kaur,Otur,Ramesh Sayyed,28,9953757049,yes,yes,yes,yes,8.7,105,not_sure,2025-07-01T18:30:00,validation_status_approved
900127,a1b2c3000127-uuid-4f2a-5908,2025-06-27T15:29:00,2025-06-27T15:44:00,2025-06-27,Zarina Bhosale,Rajgurunagar,Rani Waghmare,33,9577675121,yes,,,,8.6,130,yes,2025-06-27T15:44:00,validation_status_on_hold
900128,a1b2c3000128-uuid-4f2a-5325,2025-05-05T09:34:00,2025-05-05T09:42:00,2025-05-05,Komal Kaur,Manchar,Shobha Salunkhe,18,9796698543,yes,yes,yes,yes,9.0,97,not_sure,2025-05-05T09:42:00,validation_status_approved
900129,a1b2c3000129-uuid-4f2a-2617,2025-07-08T18:32:00,2025-07-08T18:57:00,2025-07-08,Zarina Bhosale,Mulshi,Nisha More,25,9379103135,yes,yes,,,10.6,114,not_sure,2025-07-08T18:57:00,validation_status_on_hold
900130,a1b2c3000130-uuid-4f2a-5308,2025-08-17T13:39:00,2025-08-17T14:02:00,2025-08-17,Kavita Kulkarni,Indapur,Simran Patil,36,8930938571,yes,yes,yes,,12.2,98,not_sure,2025-08-17T14:02:00,validation_status_approved
900131,a1b2c3000131-uuid-4f2a-9103,2025-04-12T13:47:00,2025-04-12T14:04:00,2025-04-12,Komal Kaur,Daund,Zarina Deshmukh,18,7953198010,yes,yes,,,10.3,124,yes,2025-04-12T14:04:00,validation_status_approved
900132,a1b2c3000132-uuid-4f2a-8688,2025-07-22T12:15:00,2025-07-22T12:29:00,2025-07-22,Mangal Sayyed,Haveli,Manisha Sawant,34,8912963409,yes,yes,yes,,11.9,123,no,2025-07-22T12:29:00,validation_status_approved
900133,a1b2c3000133-uuid-4f2a-9400,2025-05-09T16:35:00,2025-05-09T16:56:00,2025-05-09,Mangal Sayyed,Velhe,Radha Bhoir,19,6808002173,yes,yes,yes,,13.2,115,no,2025-05-09T16:56:00,validation_status_approved
900134,a1b2c3000134-uuid-4f2a-9077,2025-07-22T17:48:00,2025-07-22T18:02:00,2025-07-22,Kavita Kulkarni,Bhor,Karan Kale,27,6649501576,yes,yes,yes,,9.2,118,yes,2025-07-22T18:02:00,validation_status_on_hold
900135,a1b2c3000135-uuid-4f2a-1470,2025-03-19T18:38:00,2025-03-19T18:52:00,2025-03-19,Mangal Sayyed,Narayangaon,Anil Bhoir,21,6364974815,yes,,,,11.2,102,no,2025-03-19T18:52:00,validation_status_approved
900136,a1b2c3000136-uuid-4f2a-6465,2025-05-22T07:41:00,2025-05-22T07:53:00,2025-05-22,Kavita Kulkarni,Purandar,Vaishali Nikam,32,9408348748,yes,yes,,,12.6,124,no,2025-05-22T07:53:00,
900137,a1b2c3000137-uuid-4f2a-8140,2025-08-20T14:45:00,2025-08-20T15:00:00,2025-08-20,Swati Bhosale,Shirur,Manisha Pathan,28,8959582198,yes,,,,10.0,101,no,2025-08-20T15:00:00,validation_status_on_hold
900138,a1b2c3000138-uuid-4f2a-3852,2025-07-27T08:19:00,2025-07-27T08:31:00,2025-07-27,Komal Kaur,Khed,Jyoti Patil,37,7230523146,,,,,,,yes,2025-07-27T08:31:00,validation_status_on_hold
900139,a1b2c3000139-uuid-4f2a-6150,2025-07-14T08:01:00,2025-07-14T08:09:00,2025-07-14,Komal Kaur,Mulshi,Harpreet Pathan,37,8983880205,,,,,,,no,2025-07-14T08:09:00,validation_status_approved
900140,a1b2c3000140-uuid-4f2a-2208,2025-08-04T18:33:00,2025-08-04T18:41:00,2025-08-04,Zarina Bhosale,Maval,Divya Ansari,22,7375966829,yes,yes,yes,yes,10.7,130,not_sure,2025-08-04T18:41:00,validation_status_approved
900141,a1b2c3000141-uuid-4f2a-8452,2025-05-26T18:27:00,2025-05-26T18:49:00,2025-05-26,Zarina Bhosale,Indapur,Anjali Kale,36,9797401410,yes,yes,yes,,11.5,123,yes,2025-05-26T18:49:00,validation_status_approved
900142,a1b2c3000142-uuid-4f2a-6883,2025-08-12T16:26:00,2025-08-12T16:51:00,2025-08-12,Mangal Sayyed,Mulshi,Iqbal Pawar,21,9531184023,yes,yes,,,11.4,133,yes,2025-08-12T16:51:00,validation_status_approved
900143,a1b2c3000143-uuid-4f2a-1532,2025-07-08T11:27:00,2025-07-08T11:51:00,2025-07-08,Zarina Bhosale,Khed,Nisha Pathan,33,9426895626,yes,yes,yes,,8.7,128,yes,2025-07-08T11:51:00,validation_status_approved
900144,a1b2c3000144-uuid-4f2a-4061,2025-07-10T13:26:00,2025-07-10T13:50:00,2025-07-10,Kavita Kulkarni,Baramati,Ganesh Suryawanshi,26,6241216840,yes,yes,yes,,8.5,96,yes,2025-07-10T13:50:00,validation_status_approved
900145,a1b2c3000145-uuid-4f2a-9331,2025-07-20T10:05:00,2025-07-20T10:25:00,2025-07-20,Swati Bhosale,Shirur,Vandana Shaikh,18,9765619949,yes,yes,yes,yes,12.3,103,yes,2025-07-20T10:25:00,validation_status_approved
900146,a1b2c3000146-uuid-4f2a-5538,2025-05-26T10:25:00,2025-05-26T10:44:00,2025-05-26,Zarina Bhosale,Purandar,Vaishali Kadam,27,7924631951,yes,yes,yes,,8.8,107,yes,2025-05-26T10:44:00,validation_status_approved
900147,a1b2c3000147-uuid-4f2a-3992,2025-07-26T09:35:00,2025-07-26T09:51:00,2025-07-26,Zarina Bhosale,Baramati,Om Dhumal,36,9972518047,yes,yes,yes,yes,10.4,101,yes,2025-07-26T09:51:00,validation_status_approved
900148,a1b2c3000148-uuid-4f2a-7216,2025-06-21T12:49:00,2025-06-21T12:58:00,2025-06-21,Kavita Kulkarni,Bhor,Savita Gawde,37,8483085202,yes,,,,9.9,101,no,2025-06-21T12:58:00,validation_status_approved
900149,a1b2c3000149-uuid-4f2a-2025,2025-05-28T14:08:00,2025-05-28T14:22:00,2025-05-28,Kavita Kulkarni,Rajgurunagar,Jaspal Suryawanshi,22,9611578471,yes,yes,yes,,11.0,102,no,2025-05-28T14:22:00,validation_status_approved
900150,a1b2c3000150-uuid-4f2a-1418,2025-05-29T18:35:00,2025-05-29T18:53:00,2025-05-29,Komal Kaur,Khed,Shobha Shinde,32,6245374956,yes,yes,yes,yes,11.4,96,not_sure,2025-05-29T18:53:00,
900151,a1b2c3000151-uuid-4f2a-5747,2025-06-20T16:00:00,2025-06-20T16:18:00,2025-06-20,Komal Kaur,Junnar,Kajal Deshmukh,36,8652354857,yes,yes,,,11.7,131,not_sure,2025-06-20T16:18:00,validation_status_on_hold
900152,a1b2c3000152-uuid-4f2a-6098,2025-07-06T08:41:00,2025-07-06T08:52:00,2025-07-06,Jyoti Sayyed,Ambegaon,Meena Sheikh,21,7151615495,yes,yes,yes,yes,13.5,127,yes,2025-07-06T08:52:00,validation_status_approved
900153,a1b2c3000153-uuid-4f2a-2243,2025-05-01T16:32:00,2025-05-01T16:53:00,2025-05-01,Komal Kaur,Maval,Priya Rathod,19,6584219735,yes,,,,10.5,102,yes,2025-05-01T16:53:00,validation_status_approved
900154,a1b2c3000154-uuid-4f2a-1688,2025-03-03T12:37:00,2025-03-03T12:58:00,2025-03-03,Mangal Sayyed,Bhor,Priya Rathod,26,7341394980,yes,yes,,,12.1,129,yes,2025-03-03T12:58:00,
900155,a1b2c3000155-uuid-4f2a-5299,2025-08-22T11:12:00,2025-08-22T11:35:00,2025-08-22,Zarina Bhosale,Daund,Anjali Khan,30,7531500502,yes,yes,yes,yes,12.8,121,yes,2025-08-22T11:35:00,validation_status_approved
900156,a1b2c3000156-uuid-4f2a-3047,2025-07-05T10:48:00,2025-07-05T11:01:00,2025-07-05,Kavita Kulkarni,Junnar,Rani Shaikh,34,9408218836,yes,yes,,,9.8,117,not_sure,2025-07-05T11:01:00,validation_status_approved
900157,a1b2c3000157-uuid-4f2a-2099,2025-08-15T16:58:00,2025-08-15T17:15:00,2025-08-15,Mangal Sayyed,Haveli,Ganesh Sawant,23,9242888372,yes,yes,yes,yes,12.4,110,no,2025-08-15T17:15:00,validation_status_on_hold
900158,a1b2c3000158-uuid-4f2a-9709,2025-05-02T07:31:00,2025-05-02T07:54:00,2025-05-02,Swati Bhosale,Rajgurunagar,Firoz Ansari,28,8900159771,yes,yes,yes,yes,12.6,103,yes,2025-05-02T07:54:00,validation_status_approved
900159,a1b2c3000159-uuid-4f2a-3127,2025-05-02T06:55:00,2025-05-02T07:05:00,2025-05-02,Jyoti Sayyed,Bhor,Vishal Chowdhury,30,8117157794,yes,yes,yes,yes,9.8,127,not_sure,2025-05-02T07:05:00,validation_status_approved
900160,a1b2c3000160-uuid-4f2a-2683,2025-06-23T09:22:00,2025-06-23T09:34:00,2025-06-23,Mangal Sayyed,Shirur,Vishal Sayyed,32,7934977638,yes,yes,yes,,12.7,106,not_sure,2025-06-23T09:34:00,validation_status_approved
900161,a1b2c3000161-uuid-4f2a-4390,2025-04-19T12:25:00,2025-04-19T12:39:00,2025-04-19,Jyoti Sayyed,Purandar,Ganesh Salunkhe,27,7892122363,yes,yes,,,13.2,119,no,2025-04-19T12:39:00,validation_status_approved
900162,a1b2c3000162-uuid-4f2a-8503,2025-03-03T18:32:00,2025-03-03T18:55:00,2025-03-03,Mangal Sayyed,Saswad,Shobha Bhosale,24,6696505616,yes,yes,yes,yes,11.2,114,yes,2025-03-03T18:55:00,
900163,a1b2c3000163-uuid-4f2a-9897,2025-04-18T16:01:00,2025-04-18T16:18:00,2025-04-18,Jyoti Sayyed,Shirval,Zarina Mane,24,8569494266,yes,yes,yes,,8.9,128,not_sure,2025-04-18T16:18:00,validation_status_approved
900164,a1b2c3000164-uuid-4f2a-8236,2025-06-15T12:24:00,2025-06-15T12:39:00,2025-06-15,Zarina Bhosale,Shirur,Dinesh Chavan,24,7368949204,yes,yes,,,11.5,116,no,2025-06-15T12:39:00,validation_status_approved
900165,a1b2c3000165-uuid-4f2a-8880,2025-06-30T09:37:00,2025-06-30T09:55:00,2025-06-30,Jyoti Sayyed,Otur,Rukhsar Shinde,18,9714284095,yes,yes,,,10.0,101,no,2025-06-30T09:55:00,validation_status_on_hold
900166,a1b2c3000166-uuid-4f2a-1373,2025-06-27T08:15:00,2025-06-27T08:30:00,2025-06-27,Komal Kaur,Khed,Ganesh Bhoir,18,7930169433,yes,,,,10.8,124,yes,2025-06-27T08:30:00,validation_status_approved
900167,a1b2c3000167-uuid-4f2a-4480,2025-04-03T12:25:00,2025-04-03T12:35:00,2025-04-03,Mangal Sayyed,Daund,Ayesha Patil,22,8336570629,yes,,,,11.3,120,yes,2025-04-03T12:35:00,validation_status_approved
900168,a1b2c3000168-uuid-4f2a-7649,2025-04-06T11:23:00,2025-04-06T11:38:00,2025-04-06,Jyoti Sayyed,Shirval,Ramesh Ansari,21,6475095495,yes,yes,yes,,13.1,105,yes,2025-04-06T11:38:00,validation_status_on_hold
900169,a1b2c3000169-uuid-4f2a-1472,2025-03-26T09:13:00,2025-03-26T09:25:00,2025-03-26,Mangal Sayyed,Indapur,Anil Dhumal,35,7322652420,yes,yes,,,9.0,134,not_sure,2025-03-26T09:25:00,validation_status_approved
900170,a1b2c3000170-uuid-4f2a-8436,2025-07-11T14:27:00,2025-07-11T14:48:00,2025-07-11,Kavita Kulkarni,Haveli,Rukhsar Chowdhury,20,8984131568,yes,,,,13.5,104,not_sure,2025-07-11T14:48:00,validation_status_approved
900171,a1b2c3000171-uuid-4f2a-1402,2025-07-23T07:18:00,2025-07-23T07:35:00,2025-07-23,Jyoti Sayyed,Ambegaon,Imran Mane,32,6343075400,yes,yes,yes,yes,9.5,106,not_sure,2025-07-23T07:35:00,validation_status_approved
900172,a1b2c3000172-uuid-4f2a-4915,2025-05-12T10:16:00,2025-05-12T10:41:00,2025-05-12,Komal Kaur,Maval,Abhijit Ansari,25,9797710179,yes,yes,yes,yes,12.4,108,not_sure,2025-05-12T10:41:00,validation_status_approved
900173,a1b2c3000173-uuid-4f2a-5345,2025-08-07T12:55:00,2025-08-07T13:08:00,2025-08-07,Mangal Sayyed,Maval,Suresh Kulkarni,32,7103401245,yes,yes,,,9.3,123,no,2025-08-07T13:08:00,validation_status_on_hold
900174,a1b2c3000174-uuid-4f2a-9541,2025-03-22T07:05:00,2025-03-22T07:28:00,2025-03-22,Jyoti Sayyed,Shirur,Rajesh Shaikh,32,9418610168,yes,yes,,,12.0,98,not_sure,2025-03-22T07:28:00,validation_status_approved
900175,a1b2c3000175-uuid-4f2a-5360,2025-07-14T15:50:00,2025-07-14T16:04:00,2025-07-14,Komal Kaur,Wadgaon,Asha More,28,6351684454,,,,,,,not_sure,2025-07-14T16:04:00,validation_status_approved
900176,a1b2c3000176-uuid-4f2a-3035,2025-06-04T13:49:00,2025-06-04T14:05:00,2025-06-04,Mangal Sayyed,Narayangaon,Shobha Yadav,38,7220511627,yes,yes,,,9.8,126,not_sure,2025-06-04T14:05:00,validation_status_on_hold
900177,a1b2c3000177-uuid-4f2a-5908,2025-05-02T11:36:00,2025-05-02T12:00:00,2025-05-02,Swati Bhosale,Junnar,Ayesha Rathod,24,9379663953,yes,yes,yes,yes,11.7,113,yes,2025-05-02T12:00:00,validation_status_approved
900178,a1b2c3000178-uuid-4f2a-6226,2025-05-18T16:44:00,2025-05-18T16:52:00,2025-05-18,Zarina Bhosale,Ambegaon,Anil Patil,18,6309544341,yes,yes,yes,,12.7,100,no,2025-05-18T16:52:00,validation_status_approved
900179,a1b2c3000179-uuid-4f2a-3928,2025-07-17T09:13:00,2025-07-17T09:30:00,2025-07-17,Komal Kaur,Mulshi,Vishal Gaikwad,21,6130510233,yes,yes,yes,yes,9.6,121,not_sure,2025-07-17T09:30:00,validation_status_approved
900180,a1b2c3000180-uuid-4f2a-6571,2025-04-09T17:45:00,2025-04-09T18:07:00,2025-04-09,Jyoti Sayyed,Velhe,Gurmeet Salunkhe,22,6465908898,yes,yes,yes,yes,10.0,103,yes,2025-04-09T18:07:00,validation_status_approved
900181,a1b2c3000181-uuid-4f2a-1813,2025-08-04T06:56:00,2025-08-04T07:09:00,2025-08-04,Mangal Sayyed,Rajgurunagar,Nitin Kulkarni,25,9284997683,yes,yes,,,11.9,132,no,2025-08-04T07:09:00,validation_status_approved
900182,a1b2c3000182-uuid-4f2a-5074,2025-05-17T10:00:00,2025-05-17T10:14:00,2025-05-17,Komal Kaur,Indapur,Rohan Dhumal,33,8371873595,yes,,,,13.5,124,not_sure,2025-05-17T10:14:00,validation_status_approved
900183,a1b2c3000183-uuid-4f2a-8717,2025-03-11T12:56:00,2025-03-11T13:19:00,2025-03-11,Komal Kaur,Narayangaon,Rani Sheikh,28,8862145354,yes,yes,yes,yes,12.4,113,yes,2025-03-11T13:19:00,validation_status_approved
900184,a1b2c3000184-uuid-4f2a-4834,2025-03-11T07:57:00,2025-03-11T08:18:00,2025-03-11,Kavita Kulkarni,Ambegaon,Nitin Suryawanshi,23,9599444307,yes,,,,11.2,132,yes,2025-03-11T08:18:00,validation_status_approved
900185,a1b2c3000185-uuid-4f2a-3212,2025-08-12T14:10:00,2025-08-12T14:28:00,2025-08-12,Kavita Kulkarni,Purandar,Nisha Yadav,32,7228426617,yes,yes,yes,yes,9.1,124,no,2025-08-12T14:28:00,validation_status_approved
900186,a1b2c3000186-uuid-4f2a-7151,2025-04-07T12:20:00,2025-04-07T12:43:00,2025-04-07,Swati Bhosale,Baramati,Pallavi Rathod,18,7337296236,yes,yes,,,10.2,137,yes,2025-04-07T12:43:00,validation_status_approved
900187,a1b2c3000187-uuid-4f2a-7651,2025-05-04T18:05:00,2025-05-04T18:21:00,2025-05-04,Jyoti Sayyed,Daund,Mahesh Bagul,34,8669564354,yes,,,,11.3,136,not_sure,2025-05-04T18:21:00,validation_status_approved
900188,a1b2c3000188-uuid-4f2a-5901,2025-03-13T17:50:00,2025-03-13T18:08:00,2025-03-13,Komal Kaur,Mulshi,Ramesh Shinde,29,6290387293,yes,yes,yes,yes,12.7,128,not_sure,2025-03-13T18:08:00,validation_status_approved
900189,a1b2c3000189-uuid-4f2a-3382,2025-04-25T09:34:00,2025-04-25T09:53:00,2025-04-25,Komal Kaur,Ambegaon,Pravin Gaikwad,35,7286218414,yes,yes,yes,,8.6,136,not_sure,2025-04-25T09:53:00,validation_status_approved
900190,a1b2c3000190-uuid-4f2a-4059,2025-06-14T14:47:00,2025-06-14T15:05:00,2025-06-14,Zarina Bhosale,Otur,Archana Sayyed,26,8422381387,yes,yes,yes,yes,10.4,109,not_sure,2025-06-14T15:05:00,validation_status_approved
900191,a1b2c3000191-uuid-4f2a-1835,2025-06-08T09:12:00,2025-06-08T09:22:00,2025-06-08,Swati Bhosale,Khed,Akash Sawant,28,7933219118,yes,yes,,,11.9,124,not_sure,2025-06-08T09:22:00,validation_status_approved
900192,a1b2c3000192-uuid-4f2a-8186,2025-08-09T13:36:00,2025-08-09T13:45:00,2025-08-09,Komal Kaur,Ambegaon,Mangal Salunkhe,32,7878423438,yes,,,,12.6,136,no,2025-08-09T13:45:00,validation_status_approved
900193,a1b2c3000193-uuid-4f2a-5125,2025-08-05T16:26:00,2025-08-05T16:38:00,2025-08-05,Zarina Bhosale,Shirval,Shobha Bagul,32,8342724344,yes,yes,yes,yes,10.6,117,yes,2025-08-05T16:38:00,validation_status_approved
900194,a1b2c3000194-uuid-4f2a-3953,2025-08-13T09:35:00,2025-08-13T09:49:00,2025-08-13,Mangal Sayyed,Narayangaon,Om Waghmare,27,8378517284,yes,yes,,,8.6,121,yes,2025-08-13T09:49:00,
900195,a1b2c3000195-uuid-4f2a-3314,2025-04-12T16:09:00,2025-04-12T16:26:00,2025-04-12,Komal Kaur,Haveli,Ravi Kale,22,9286174794,yes,yes,,,10.9,114,not_sure,2025-04-12T16:26:00,validation_status_on_hold
900196,a1b2c3000196-uuid-4f2a-8120,2025-06-19T07:18:00,2025-06-19T07:36:00,2025-06-19,Komal Kaur,Mulshi,Akash Ansari,25,8242897733,yes,yes,yes,yes,12.1,105,no,2025-06-19T07:36:00,validation_status_approved
900197,a1b2c3000197-uuid-4f2a-3977,2025-03-28T13:33:00,2025-03-28T13:58:00,2025-03-28,Komal Kaur,Daund,Balwinder Sheikh,38,6697217633,yes,yes,,,10.7,109,no,2025-03-28T13:58:00,validation_status_approved
900198,a1b2c3000198-uuid-4f2a-1857,2025-06-22T16:39:00,2025-06-22T16:53:00,2025-06-22,Mangal Sayyed,Narayangaon,Shobha Kaur,34,9914750051,yes,yes,,,10.6,134,not_sure,2025-06-22T16:53:00,
900199,a1b2c3000199-uuid-4f2a-9947,2025-05-31T08:20:00,2025-05-31T08:31:00,2025-05-31,Komal Kaur,Bhor,Neha Kaur,22,8188672513,yes,yes,,,12.2,121,yes,2025-05-31T08:31:00,validation_status_approved
900200,a1b2c3000200-uuid-4f2a-3353,2025-07-13T08:12:00,2025-07-13T08:23:00,2025-07-13,Komal Kaur,Daund,Santosh Jadhav,23,6908635201,yes,yes,yes,yes,11.7,97,no,2025-07-13T08:23:00,validation_status_on_hold
900201,a1b2c3000201-uuid-4f2a-8020,2025-05-03T08:23:00,2025-05-03T08:37:00,2025-05-03,Zarina Bhosale,Rajgurunagar,Gurmeet Bagul,29,7582453404,yes,yes,yes,yes,9.1,97,not_sure,2025-05-03T08:37:00,validation_status_approved
900202,a1b2c3000202-uuid-4f2a-5023,2025-07-02T10:14:00,2025-07-02T10:31:00,2025-07-02,Swati Bhosale,Khed,Deepa Chavan,20,8282683553,yes,yes,,,13.2,101,not_sure,2025-07-02T10:31:00,validation_status_approved
900203,a1b2c3000203-uuid-4f2a-8294,2025-08-23T09:15:00,2025-08-23T09:37:00,2025-08-23,Mangal Sayyed,Shirval,Firoz Waghmare,18,7408553959,yes,yes,yes,,10.3,124,not_sure,2025-08-23T09:37:00,validation_status_approved
900204,a1b2c3000204-uuid-4f2a-1647,2025-05-06T12:28:00,2025-05-06T12:40:00,2025-05-06,Komal Kaur,Rajgurunagar,Rekha Gawde,23,8375648631,yes,yes,,,11.0,108,no,2025-05-06T12:40:00,validation_status_approved
900205,a1b2c3000205-uuid-4f2a-5130,2025-05-28T08:29:00,2025-05-28T08:54:00,2025-05-28,Swati Bhosale,Saswad,Asha Khan,24,8375906073,yes,yes,yes,yes,10.2,113,not_sure,2025-05-28T08:54:00,validation_status_approved
900206,a1b2c3000206-uuid-4f2a-5134,2025-08-16T15:07:00,2025-08-16T15:25:00,2025-08-16,Mangal Sayyed,Daund,Anil Chowdhury,25,6262952438,yes,yes,yes,,12.2,98,not_sure,2025-08-16T15:25:00,validation_status_approved
900207,a1b2c3000207-uuid-4f2a-6582,2025-08-18T16:16:00,2025-08-18T16:27:00,2025-08-18,Mangal Sayyed,Ambegaon,Shobha Thorat,31,6963239345,yes,yes,,,12.1,121,no,2025-08-18T16:27:00,validation_status_approved
900208,a1b2c3000208-uuid-4f2a-1983,2025-06-15T09:31:00,2025-06-15T09:48:00,2025-06-15,Zarina Bhosale,Baramati,Firoz Dhumal,26,7286995844,yes,yes,,,9.4,135,not_sure,2025-06-15T09:48:00,validation_status_approved
900209,a1b2c3000209-uuid-4f2a-2180,2025-07-25T17:39:00,2025-07-25T17:51:00,2025-07-25,Zarina Bhosale,Mulshi,Gurmeet Pathan,23,8980055453,yes,yes,yes,,9.7,111,no,2025-07-25T17:51:00,validation_status_approved
900210,a1b2c3000210-uuid-4f2a-7985,2025-08-20T13:37:00,2025-08-20T14:01:00,2025-08-20,Mangal Sayyed,Baramati,Jaspal Waghmare,29,8974347781,yes,,,,12.0,112,yes,2025-08-20T14:01:00,validation_status_approved
900211,a1b2c3000211-uuid-4f2a-9981,2025-04-30T10:31:00,2025-04-30T10:40:00,2025-04-30,Zarina Bhosale,Manchar,Manisha Pathan,37,8698511931,yes,yes,yes,,12.8,137,yes,2025-04-30T10:40:00,validation_status_approved
900212,a1b2c3000212-uuid-4f2a-6150,2025-04-10T15:50:00,2025-04-10T15:58:00,2025-04-10,Kavita Kulkarni,Wadgaon,Suresh Sawant,23,9130584894,yes,yes,yes,,13.3,128,no,2025-04-10T15:58:00,validation_status_approved
900213,a1b2c3000213-uuid-4f2a-6716,2025-06-22T08:52:00,2025-06-22T09:15:00,2025-06-22,Swati Bhosale,Purandar,Zarina Pathan,29,8927813282,yes,yes,yes,,10.2,109,not_sure,2025-06-22T09:15:00,validation_status_on_hold
900214,a1b2c3000214-uuid-4f2a-4566,2025-06-24T14:21:00,2025-06-24T14:38:00,2025-06-24,Kavita Kulkarni,Junnar,Komal Bhosale,34,9749352490,yes,yes,,,11.2,109,no,2025-06-24T14:38:00,validation_status_approved
900215,a1b2c3000215-uuid-4f2a-7493,2025-05-08T10:58:00,2025-05-08T11:22:00,2025-05-08,Komal Kaur,Baramati,Jaspal Bagul,36,8712804710,yes,yes,yes,,11.2,137,no,2025-05-08T11:22:00,validation_status_approved
900216,a1b2c3000216-uuid-4f2a-6823,2025-08-12T18:40:00,2025-08-12T18:51:00,2025-08-12,Zarina Bhosale,Wadgaon,Gurpreet Khan,37,8486312419,yes,yes,,,11.9,113,yes,2025-08-12T18:51:00,validation_status_approved
900217,a1b2c3000217-uuid-4f2a-6608,2025-07-31T18:20:00,2025-07-31T18:36:00,2025-07-31,Mangal Sayyed,Saswad,Abhijit Gawde,28,7186770322,yes,yes,yes,yes,9.5,99,yes,2025-07-31T18:36:00,validation_status_approved
900218,a1b2c3000218-uuid-4f2a-5183,2025-04-22T18:34:00,2025-04-22T18:57:00,2025-04-22,Mangal Sayyed,Rajgurunagar,Karan Salunkhe,20,6893735080,yes,yes,yes,yes,10.5,128,not_sure,2025-04-22T18:57:00,validation_status_on_hold
900219,a1b2c3000219-uuid-4f2a-6203,2025-05-22T09:21:00,2025-05-22T09:33:00,2025-05-22,Swati Bhosale,Indapur,Ganesh Deshmukh,26,6901469270,yes,yes,yes,,9.1,115,no,2025-05-22T09:33:00,validation_status_approved
900220,a1b2c3000220-uuid-4f2a-9132,2025-05-17T13:37:00,2025-05-17T13:49:00,2025-05-17,Kavita Kulkarni,Wadgaon,Ramesh Nikam,34,6462122221,yes,,,,12.7,107,not_sure,2025-05-17T13:49:00,validation_status_approved
900221,a1b2c3000221-uuid-4f2a-2114,2025-07-25T09:00:00,2025-07-25T09:08:00,2025-07-25,Kavita Kulkarni,Khed,Kalpana Bhosale,18,7917118248,yes,yes,yes,,12.7,134,yes,2025-07-25T09:08:00,
900222,a1b2c3000222-uuid-4f2a-3910,2025-07-18T16:10:00,2025-07-18T16:25:00,2025-07-18,Swati Bhosale,Maval,Shabana Kale,20,6543413580,yes,yes,yes,yes,12.2,112,not_sure,2025-07-18T16:25:00,validation_status_approved
900223,a1b2c3000223-uuid-4f2a-8496,2025-06-05T09:14:00,2025-06-05T09:29:00,2025-06-05,Komal Kaur,Junnar,Amit Dhumal,38,7737797883,yes,yes,yes,yes,10.8,116,not_sure,2025-06-05T09:29:00,validation_status_approved
900224,a1b2c3000224-uuid-4f2a-4722,2025-08-06T17:49:00,2025-08-06T17:59:00,2025-08-06,Swati Bhosale,Daund,Sunil Pawar,25,6774803567,yes,yes,yes,yes,12.1,113,yes,2025-08-06T17:59:00,validation_status_approved
900225,a1b2c3000225-uuid-4f2a-8974,2025-03-10T08:35:00,2025-03-10T08:44:00,2025-03-10,Komal Kaur,Baramati,Balwinder Khan,36,8194942273,yes,yes,yes,,9.0,107,not_sure,2025-03-10T08:44:00,
900226,a1b2c3000226-uuid-4f2a-8423,2025-04-11T15:00:00,2025-04-11T15:15:00,2025-04-11,Kavita Kulkarni,Ambegaon,Meena Joshi,29,9209244615,yes,yes,yes,yes,13.3,133,yes,2025-04-11T15:15:00,validation_status_approved
900227,a1b2c3000227-uuid-4f2a-5385,2025-04-25T17:46:00,2025-04-25T18:01:00,2025-04-25,Komal Kaur,Junnar,Pravin Gaikwad,26,8798664399,yes,yes,,,12.2,102,no,2025-04-25T18:01:00,validation_status_approved
900228,a1b2c3000228-uuid-4f2a-6076,2025-03-14T12:03:00,2025-03-14T12:22:00,2025-03-14,Jyoti Sayyed,Maval,Dinesh Sheikh,36,9694782876,yes,yes,yes,yes,11.5,120,not_sure,2025-03-14T12:22:00,validation_status_approved
900229,a1b2c3000229-uuid-4f2a-1115,2025-07-22T13:47:00,2025-07-22T14:00:00,2025-07-22,Jyoti Sayyed,Indapur,Simran Singh,21,9810268430,yes,yes,,,13.5,108,yes,2025-07-22T14:00:00,validation_status_approved
900230,a1b2c3000230-uuid-4f2a-8916,2025-07-04T12:43:00,2025-07-04T12:55:00,2025-07-04,Komal Kaur,Baramati,Pallavi Pawar,29,8389586029,yes,yes,yes,yes,13.3,135,no,2025-07-04T12:55:00,validation_status_on_hold
900231,a1b2c3000231-uuid-4f2a-9957,2025-06-26T16:54:00,2025-06-26T17:07:00,2025-06-26,Jyoti Sayyed,Otur,Vishal Ansari,20,8430782583,yes,yes,yes,yes,10.6,125,no,2025-06-26T17:07:00,validation_status_approved
900232,a1b2c3000232-uuid-4f2a-3758,2025-07-20T07:32:00,2025-07-20T07:43:00,2025-07-20,Mangal Sayyed,Indapur,Abhijit Singh,19,9861375077,yes,yes,yes,yes,11.1,116,no,2025-07-20T07:43:00,validation_status_approved
900233,a1b2c3000233-uuid-4f2a-5430,2025-04-23T16:32:00,2025-04-23T16:43:00,2025-04-23,Zarina Bhosale,Daund,Archana Chavan,27,7976006909,yes,yes,yes,yes,12.9,138,not_sure,2025-04-23T16:43:00,validation_status_approved
900234,a1b2c3000234-uuid-4f2a-7727,2025-08-11T13:22:00,2025-08-11T13:35:00,2025-08-11,Zarina Bhosale,Velhe,Harpreet Joshi,25,9213299397,yes,,,,8.6,122,not_sure,2025-08-11T13:35:00,validation_status_approved
900235,a1b2c3000235-uuid-4f2a-1078,2025-05-21T09:31:00,2025-05-21T09:40:00,2025-05-21,Mangal Sayyed,Junnar,Deepa Waghmare,34,8790609469,yes,yes,yes,yes,9.5,116,not_sure,2025-05-21T09:40:00,validation_status_approved
900236,a1b2c3000236-uuid-4f2a-1365,2025-04-15T18:35:00,2025-04-15T18:59:00,2025-04-15,Jyoti Sayyed,Baramati,Suresh Singh,24,7124687674,yes,yes,yes,yes,12.7,132,no,2025-04-15T18:59:00,validation_status_approved
900237,a1b2c3000237-uuid-4f2a-7197,2025-07-27T14:32:00,2025-07-27T14:43:00,2025-07-27,Swati Bhosale,Purandar,Salman Kadam,31,9813565948,yes,yes,yes,yes,12.2,127,not_sure,2025-07-27T14:43:00,validation_status_approved
900238,a1b2c3000238-uuid-4f2a-8971,2025-08-05T10:30:00,2025-08-05T10:38:00,2025-08-05,Jyoti Sayyed,Otur,Tushar Gawde,19,9434740977,yes,yes,yes,yes,8.8,112,yes,2025-08-05T10:38:00,validation_status_approved
900239,a1b2c3000239-uuid-4f2a-1809,2025-06-01T08:51:00,2025-06-01T09:06:00,2025-06-01,Jyoti Sayyed,Junnar,Harpreet Nikam,38,6994941303,yes,yes,yes,,13.4,108,not_sure,2025-06-01T09:06:00,validation_status_approved
900240,a1b2c3000240-uuid-4f2a-4725,2025-05-28T15:19:00,2025-05-28T15:38:00,2025-05-28,Kavita Kulkarni,Shirur,Nitin Suryawanshi,32,9131386390,yes,yes,yes,,12.3,105,not_sure,2025-05-28T15:38:00,validation_status_approved
900241,a1b2c3000241-uuid-4f2a-1153,2025-08-02T12:34:00,2025-08-02T12:48:00,2025-08-02,Komal Kaur,Baramati,Om Yadav,32,7639660724,yes,yes,yes,,10.2,116,yes,2025-08-02T12:48:00,validation_status_approved
900242,a1b2c3000242-uuid-4f2a-9948,2025-08-25T16:59:00,2025-08-25T17:13:00,2025-08-25,Zarina Bhosale,Shirur,Kavita Thorat,31,8378316382,yes,,,,10.1,129,not_sure,2025-08-25T17:13:00,validation_status_approved
900243,a1b2c3000243-uuid-4f2a-2584,2025-08-10T18:10:00,2025-08-10T18:27:00,2025-08-10,Zarina Bhosale,Baramati,Archana Chavan,31,7256327936,yes,yes,yes,yes,13.0,129,no,2025-08-10T18:27:00,
900244,a1b2c3000244-uuid-4f2a-8208,2025-08-18T17:12:00,2025-08-18T17:29:00,2025-08-18,Kavita Kulkarni,Velhe,Ganesh Rathod,29,6858880546,yes,yes,yes,yes,12.7,129,not_sure,2025-08-18T17:29:00,validation_status_approved
900245,a1b2c3000245-uuid-4f2a-5945,2025-04-25T06:58:00,2025-04-25T07:19:00,2025-04-25,Zarina Bhosale,Baramati,Jaspal Suryawanshi,35,6150966599,yes,yes,yes,,10.7,113,no,2025-04-25T07:19:00,validation_status_approved
900246,a1b2c3000246-uuid-4f2a-7782,2025-07-30T06:58:00,2025-07-30T07:07:00,2025-07-30,Jyoti Sayyed,Mulshi,Shobha Pathan,22,7788647918,yes,yes,,,9.3,138,yes,2025-07-30T07:07:00,validation_status_approved
900247,a1b2c3000247-uuid-4f2a-7722,2025-06-27T08:46:00,2025-06-27T09:00:00,2025-06-27,Swati Bhosale,Shirur,Manoj Patil,26,9524728036,yes,yes,yes,,10.7,128,no,2025-06-27T09:00:00,validation_status_approved
900248,a1b2c3000248-uuid-4f2a-4659,2025-08-26T08:21:00,2025-08-26T08:45:00,2025-08-26,Zarina Bhosale,Wadgaon,Archana Joshi,30,8376385626,yes,yes,yes,yes,13.2,102,no,2025-08-26T08:45:00,validation_status_approved
900249,a1b2c3000249-uuid-4f2a-1085,2025-06-12T17:55:00,2025-06-12T18:12:00,2025-06-12,Jyoti Sayyed,Narayangaon,Salman Khan,30,7378337809,yes,yes,,,11.4,109,not_sure,2025-06-12T18:12:00,validation_status_approved
900250,a1b2c3000250-uuid-4f2a-8481,2025-07-29T15:15:00,2025-07-29T15:32:00,2025-07-29,Zarina Bhosale,Purandar,Kajal Jadhav,24,8763627498,yes,yes,yes,,9.2,133,yes,2025-07-29T15:32:00,validation_status_approved
900251,a1b2c3000251-uuid-4f2a-2366,2025-03-13T06:55:00,2025-03-13T07:03:00,2025-03-13,Mangal Sayyed,Daund,Sanjay Mane,21,7103305068,yes,,,,12.8,128,yes,2025-03-13T07:03:00,validation_status_approved
900252,a1b2c3000252-uuid-4f2a-8963,2025-05-08T14:50:00,2025-05-08T15:07:00,2025-05-08,Zarina Bhosale,Bhor,Simran Bhosale,34,8539518296,yes,yes,yes,yes,10.4,103,yes,2025-05-08T15:07:00,validation_status_approved
900253,a1b2c3000253-uuid-4f2a-7722,2025-05-01T13:02:00,2025-05-01T13:14:00,2025-05-01,Mangal Sayyed,Wadgaon,Archana Patil,36,8479714181,yes,,,,10.7,134,yes,2025-05-01T13:14:00,validation_status_on_hold
900254,a1b2c3000254-uuid-4f2a-1052,2025-07-23T08:55:00,2025-07-23T09:09:00,2025-07-23,Mangal Sayyed,Velhe,Sanjay Joshi,29,6364051470,yes,yes,yes,,12.4,96,yes,2025-07-23T09:09:00,validation_status_approved
900255,a1b2c3000255-uuid-4f2a-6819,2025-04-30T15:30:00,2025-04-30T15:44:00,2025-04-30,Jyoti Sayyed,Daund,Vijay Joshi,27,8761601519,yes,yes,yes,,10.9,138,no,2025-04-30T15:44:00,validation_status_approved
900256,a1b2c3000256-uuid-4f2a-6111,2025-05-31T07:34:00,2025-05-31T07:47:00,2025-05-31,Jyoti Sayyed,Rajgurunagar,Rekha Pathan,24,8126423084,yes,yes,,,8.9,127,yes,2025-05-31T07:47:00,validation_status_approved
900257,a1b2c3000257-uuid-4f2a-3105,2025-06-08T17:26:00,2025-06-08T17:34:00,2025-06-08,Komal Kaur,Narayangaon,Rani Gawde,18,7669288301,yes,yes,yes,,11.6,96,not_sure,2025-06-08T17:34:00,
900258,a1b2c3000258-uuid-4f2a-7545,2025-06-26T15:58:00,2025-06-26T16:20:00,2025-06-26,Jyoti Sayyed,Haveli,Pallavi Pathan,23,8631970385,yes,yes,,,10.1,100,yes,2025-06-26T16:20:00,
900259,a1b2c3000259-uuid-4f2a-8610,2025-03-03T09:21:00,2025-03-03T09:41:00,2025-03-03,Zarina Bhosale,Shirur,Radha Salunkhe,27,7776981843,yes,,,,9.4,126,yes,2025-03-03T09:41:00,validation_status_approved
900260,a1b2c3000260-uuid-4f2a-4193,2025-05-12T09:32:00,2025-05-12T09:46:00,2025-05-12,Kavita Kulkarni,Manchar,Santosh Kulkarni,23,7412835191,yes,yes,yes,,8.8,117,yes,2025-05-12T09:46:00,validation_status_approved
900261,a1b2c3000261-uuid-4f2a-1334,2025-05-19T17:51:00,2025-05-19T18:14:00,2025-05-19,Mangal Sayyed,Shirur,Balwinder Shaikh,18,9869987591,yes,yes,yes,,12.8,116,no,2025-05-19T18:14:00,validation_status_approved
900262,a1b2c3000262-uuid-4f2a-2628,2025-08-22T07:21:00,2025-08-22T07:34:00,2025-08-22,Zarina Bhosale,Bhor,Yogesh Kulkarni,31,8865890173,yes,yes,yes,,9.2,129,no,2025-08-22T07:34:00,validation_status_approved
900263,a1b2c3000263-uuid-4f2a-2475,2025-04-27T12:33:00,2025-04-27T12:57:00,2025-04-27,Swati Bhosale,Shirval,Kalpana Suryawanshi,25,7381044822,yes,,,,10.1,122,no,2025-04-27T12:57:00,validation_status_approved
900264,a1b2c3000264-uuid-4f2a-7994,2025-04-29T07:40:00,2025-04-29T07:59:00,2025-04-29,Komal Kaur,Rajgurunagar,Vaishali Thorat,24,7357414161,yes,yes,yes,yes,11.8,134,no,2025-04-29T07:59:00,validation_status_approved
900265,a1b2c3000265-uuid-4f2a-3549,2025-06-04T14:12:00,2025-06-04T14:32:00,2025-06-04,Kavita Kulkarni,Mulshi,Rajesh Waghmare,20,8796580675,yes,,,,10.7,113,yes,2025-06-04T14:32:00,validation_status_approved
900266,a1b2c3000266-uuid-4f2a-1487,2025-06-03T18:09:00,2025-06-03T18:27:00,2025-06-03,Kavita Kulkarni,Velhe,Sanjay Chowdhury,35,7306082685,yes,,,,12.7,127,no,2025-06-03T18:27:00,
900267,a1b2c3000267-uuid-4f2a-5323,2025-05-20T15:47:00,2025-05-20T16:07:00,2025-05-20,Jyoti Sayyed,Indapur,Neha More,33,6779868753,yes,,,,9.7,101,yes,2025-05-20T16:07:00,validation_status_approved
900268,a1b2c3000268-uuid-4f2a-7762,2025-03-20T10:58:00,2025-03-20T11:19:00,2025-03-20,Jyoti Sayyed,Bhor,Rajesh Shinde,26,6167324297,yes,yes,yes,,9.9,137,no,2025-03-20T11:19:00,validation_status_approved
900269,a1b2c3000269-uuid-4f2a-1494,2025-05-27T08:20:00,2025-05-27T08:37:00,2025-05-27,Mangal Sayyed,Daund,Divya Kulkarni,29,8719119834,yes,yes,yes,,10.4,114,not_sure,2025-05-27T08:37:00,validation_status_approved
900270,a1b2c3000270-uuid-4f2a-5854,2025-06-21T15:58:00,2025-06-21T16:22:00,2025-06-21,Komal Kaur,Bhor,Sachin Gawde,31,7991769045,yes,yes,yes,yes,9.0,120,not_sure,2025-06-21T16:22:00,
900271,a1b2c3000271-uuid-4f2a-9063,2025-06-30T17:01:00,2025-06-30T17:25:00,2025-06-30,Kavita Kulkarni,Otur,Yogesh Thorat,29,8192731899,yes,yes,yes,yes,13.0,111,yes,2025-06-30T17:25:00,validation_status_approved
900272,a1b2c3000272-uuid-4f2a-2889,2025-07-16T13:13:00,2025-07-16T13:33:00,2025-07-16,Komal Kaur,Junnar,Ganesh Pathan,34,6555836362,yes,,,,10.9,108,no,2025-07-16T13:33:00,validation_status_approved
900273,a1b2c3000273-uuid-4f2a-4626,2025-05-10T07:20:00,2025-05-10T07:42:00,2025-05-10,Swati Bhosale,Indapur,Jaspal Chavan,19,6281111120,yes,yes,yes,yes,13.3,129,not_sure,2025-05-10T07:42:00,validation_status_approved
900274,a1b2c3000274-uuid-4f2a-8628,2025-08-21T10:59:00,2025-08-21T11:17:00,2025-08-21,Mangal Sayyed,Daund,Rohan Kulkarni,23,8879767908,yes,yes,yes,yes,8.5,111,yes,2025-08-21T11:17:00,validation_status_approved
900275,a1b2c3000275-uuid-4f2a-8050,2025-04-21T11:50:00,2025-04-21T12:13:00,2025-04-21,Komal Kaur,Shirur,Jaspal Sheikh,30,6895782123,yes,yes,,,8.8,102,yes,2025-04-21T12:13:00,validation_status_on_hold
900276,a1b2c3000276-uuid-4f2a-4741,2025-05-29T17:07:00,2025-05-29T17:15:00,2025-05-29,Komal Kaur,Wadgaon,Komal Pawar,23,8634867951,yes,,,,10.6,113,no,2025-05-29T17:15:00,validation_status_on_hold
900277,a1b2c3000277-uuid-4f2a-1452,2025-07-10T10:00:00,2025-07-10T10:19:00,2025-07-10,Swati Bhosale,Daund,Kajal Sayyed,23,7903064810,yes,yes,yes,yes,11.8,132,no,2025-07-10T10:19:00,validation_status_approved
900278,a1b2c3000278-uuid-4f2a-9670,2025-06-11T14:46:00,2025-06-11T15:06:00,2025-06-11,Swati Bhosale,Haveli,Simran Bhosale,25,7904150970,yes,yes,,,11.8,123,no,2025-06-11T15:06:00,validation_status_approved
900279,a1b2c3000279-uuid-4f2a-2318,2025-06-09T15:29:00,2025-06-09T15:39:00,2025-06-09,Swati Bhosale,Saswad,Radha More,29,9690819935,yes,yes,yes,yes,10.0,102,no,2025-06-09T15:39:00,
900280,a1b2c3000280-uuid-4f2a-9354,2025-04-17T06:57:00,2025-04-17T07:17:00,2025-04-17,Mangal Sayyed,Indapur,Komal Chavan,37,7333113437,yes,yes,yes,,12.5,104,yes,2025-04-17T07:17:00,validation_status_approved
900281,a1b2c3000281-uuid-4f2a-9388,2025-03-19T17:32:00,2025-03-19T17:48:00,2025-03-19,Swati Bhosale,Rajgurunagar,Prakash Bhosale,36,8367815957,,,,,,,yes,2025-03-19T17:48:00,validation_status_approved
900282,a1b2c3000282-uuid-4f2a-4317,2025-07-04T07:58:00,2025-07-04T08:18:00,2025-07-04,Kavita Kulkarni,Khed,Gurpreet Dhumal,21,8847761970,yes,yes,yes,,8.7,103,yes,2025-07-04T08:18:00,validation_status_approved
900283,a1b2c3000283-uuid-4f2a-2061,2025-05-08T12:15:00,2025-05-08T12:33:00,2025-05-08,Jyoti Sayyed,Ambegaon,Rani Yadav,37,6958315429,yes,yes,yes,,11.8,113,no,2025-05-08T12:33:00,validation_status_on_hold
900284,a1b2c3000284-uuid-4f2a-9246,2025-06-09T08:32:00,2025-06-09T08:49:00,2025-06-09,Komal Kaur,Baramati,Ramesh Kulkarni,34,7818666581,yes,yes,yes,,11.7,126,not_sure,2025-06-09T08:49:00,validation_status_approved
900285,a1b2c3000285-uuid-4f2a-7710,2025-07-10T10:16:00,2025-07-10T10:39:00,2025-07-10,Zarina Bhosale,Daund,Kiran Shaikh,22,9269203245,yes,yes,,,13.1,116,not_sure,2025-07-10T10:39:00,validation_status_approved
900286,a1b2c3000286-uuid-4f2a-5566,2025-08-18T07:59:00,2025-08-18T08:07:00,2025-08-18,Mangal Sayyed,Narayangaon,Gurmeet Jadhav,21,6922385413,yes,yes,yes,,12.5,97,no,2025-08-18T08:07:00,validation_status_approved
900287,a1b2c3000287-uuid-4f2a-1531,2025-05-26T13:13:00,2025-05-26T13:27:00,2025-05-26,Komal Kaur,Mulshi,Firoz Chowdhury,20,9962381510,yes,,,,9.8,130,no,2025-05-26T13:27:00,validation_status_approved
900288,a1b2c3000288-uuid-4f2a-4500,2025-06-11T12:10:00,2025-06-11T12:32:00,2025-06-11,Swati Bhosale,Maval,Archana Bhoir,37,7937904632,yes,yes,yes,yes,8.7,127,not_sure,2025-06-11T12:32:00,validation_status_approved
900289,a1b2c3000289-uuid-4f2a-8854,2025-06-13T08:54:00,2025-06-13T09:15:00,2025-06-13,Kavita Kulkarni,Mulshi,Meena Suryawanshi,32,6792968895,yes,yes,yes,yes,9.4,105,not_sure,2025-06-13T09:15:00,validation_status_approved
900290,a1b2c3000290-uuid-4f2a-5727,2025-08-10T16:05:00,2025-08-10T16:27:00,2025-08-10,Komal Kaur,Manchar,Ayesha Sheikh,20,8807500688,yes,yes,,,12.1,118,no,2025-08-10T16:27:00,validation_status_approved
900291,a1b2c3000291-uuid-4f2a-6401,2025-05-01T09:53:00,2025-05-01T10:18:00,2025-05-01,Jyoti Sayyed,Manchar,Prakash Mane,37,6145737607,yes,,,,12.0,112,not_sure,2025-05-01T10:18:00,validation_status_on_hold
900292,a1b2c3000292-uuid-4f2a-6072,2025-06-12T09:10:00,2025-06-12T09:20:00,2025-06-12,Jyoti Sayyed,Ambegaon,Pravin Kale,23,7273547959,yes,yes,yes,,10.4,109,no,2025-06-12T09:20:00,validation_status_on_hold
900293,a1b2c3000293-uuid-4f2a-7100,2025-03-07T16:45:00,2025-03-07T17:07:00,2025-03-07,Komal Kaur,Narayangaon,Kiran Nikam,22,9837273537,,,,,,,yes,2025-03-07T17:07:00,validation_status_approved
900294,a1b2c3000294-uuid-4f2a-9002,2025-03-25T17:28:00,2025-03-25T17:50:00,2025-03-25,Mangal Sayyed,Ambegaon,Lata Thorat,20,7911394769,yes,yes,,,10.9,117,yes,2025-03-25T17:50:00,validation_status_approved
900295,a1b2c3000295-uuid-4f2a-9616,2025-06-10T15:36:00,2025-06-10T16:00:00,2025-06-10,Swati Bhosale,Haveli,Dinesh Gawde,38,6734348485,yes,,,,12.4,125,yes,2025-06-10T16:00:00,validation_status_approved
900296,a1b2c3000296-uuid-4f2a-2881,2025-07-09T08:23:00,2025-07-09T08:35:00,2025-07-09,Swati Bhosale,Maval,Priya Nikam,30,8976514408,yes,,,,12.4,136,no,2025-07-09T08:35:00,validation_status_on_hold
900297,a1b2c3000297-uuid-4f2a-6550,2025-05-04T10:52:00,2025-05-04T11:01:00,2025-05-04,Jyoti Sayyed,Rajgurunagar,Ashok Shaikh,21,8852951560,yes,yes,yes,yes,13.2,101,not_sure,2025-05-04T11:01:00,validation_status_approved
900298,a1b2c3000298-uuid-4f2a-6317,2025-07-30T15:50:00,2025-07-30T16:03:00,2025-07-30,Mangal Sayyed,Haveli,Manisha Singh,27,6727566938,,,,,,,yes,2025-07-30T16:03:00,validation_status_on_hold
900299,a1b2c3000299-uuid-4f2a-2143,2025-03-02T07:59:00,2025-03-02T08:13:00,2025-03-02,Swati Bhosale,Bhor,Rupali Shaikh,37,8608902622,yes,yes,yes,,11.8,124,no,2025-03-02T08:13:00,validation_status_approved
900300,a1b2c3000300-uuid-4f2a-1523,2025-08-21T16:29:00,2025-08-21T16:49:00,2025-08-21,Mangal Sayyed,Maval,Radha Chavan,31,6881191170,yes,yes,,,10.1,111,yes,2025-08-21T16:49:00,validation_status_approved
900301,a1b2c3000301-uuid-4f2a-3522,2025-08-24T16:02:00,2025-08-24T16:16:00,2025-08-24,Mangal Sayyed,Khed,Vaishali Sawant,18,6111352802,yes,yes,,,12.7,124,no,2025-08-24T16:16:00,
900302,a1b2c3000302-uuid-4f2a-2206,2025-07-25T09:20:00,2025-07-25T09:31:00,2025-07-25,Komal Kaur,Haveli,Sunil Sawant,22,8926503665,yes,yes,yes,yes,10.1,135,no,2025-07-25T09:31:00,validation_status_approved
900303,a1b2c3000303-uuid-4f2a-8384,2025-05-17T15:37:00,2025-05-17T15:46:00,2025-05-17,Komal Kaur,Narayangaon,Dinesh Gawde,38,6412188140,yes,,,,12.8,113,yes,2025-05-17T15:46:00,validation_status_approved
900304,a1b2c3000304-uuid-4f2a-1932,2025-05-01T17:29:00,2025-05-01T17:37:00,2025-05-01,Mangal Sayyed,Indapur,Vaishali Shaikh,19,6993614999,yes,yes,yes,,10.5,96,no,2025-05-01T17:37:00,validation_status_approved
900305,a1b2c3000305-uuid-4f2a-7426,2025-06-04T14:18:00,2025-06-04T14:37:00,2025-06-04,Kavita Kulkarni,Saswad,Nisha Waghmare,28,8230867947,yes,yes,yes,yes,12.8,105,no,2025-06-04T14:37:00,validation_status_approved
900306,a1b2c3000306-uuid-4f2a-1474,2025-06-21T10:37:00,2025-06-21T10:48:00,2025-06-21,Kavita Kulkarni,Otur,Usha Joshi,23,8526140739,yes,yes,,,13.0,103,no,2025-06-21T10:48:00,validation_status_approved
900307,a1b2c3000307-uuid-4f2a-9346,2025-08-19T08:18:00,2025-08-19T08:35:00,2025-08-19,Komal Kaur,Bhor,Lata Shinde,32,7132430271,yes,yes,yes,,10.7,100,not_sure,2025-08-19T08:35:00,
900308,a1b2c3000308-uuid-4f2a-7783,2025-04-17T14:25:00,2025-04-17T14:37:00,2025-04-17,Zarina Bhosale,Shirur,Abhijit Kadam,33,8368038317,yes,yes,yes,,8.8,121,not_sure,2025-04-17T14:37:00,validation_status_approved
900309,a1b2c3000309-uuid-4f2a-3278,2025-08-14T09:42:00,2025-08-14T09:53:00,2025-08-14,Swati Bhosale,Velhe,Snehal Gaikwad,35,6349331890,yes,,,,12.7,123,yes,2025-08-14T09:53:00,validation_status_on_hold
900310,a1b2c3000310-uuid-4f2a-3392,2025-08-15T18:20:00,2025-08-15T18:31:00,2025-08-15,Mangal Sayyed,Bhor,Radha More,30,7965271717,yes,yes,,,11.5,115,yes,2025-08-15T18:31:00,validation_status_approved
900311,a1b2c3000311-uuid-4f2a-5055,2025-04-21T09:14:00,2025-04-21T09:39:00,2025-04-21,Kavita Kulkarni,Saswad,Santosh Joshi,36,6204695635,yes,yes,yes,yes,12.8,125,yes,2025-04-21T09:39:00,validation_status_approved
900312,a1b2c3000312-uuid-4f2a-8617,2025-03-13T10:21:00,2025-03-13T10:43:00,2025-03-13,Kavita Kulkarni,Manchar,Kajal Yadav,28,7798966268,yes,yes,yes,,11.7,104,not_sure,2025-03-13T10:43:00,validation_status_on_hold
900313,a1b2c3000313-uuid-4f2a-2179,2025-05-10T16:43:00,2025-05-10T17:00:00,2025-05-10,Swati Bhosale,Daund,Ashok Jadhav,31,6246416858,yes,yes,yes,,13.1,115,no,2025-05-10T17:00:00,validation_status_approved
900314,a1b2c3000314-uuid-4f2a-4687,2025-03-28T18:36:00,2025-03-28T18:44:00,2025-03-28,Kavita Kulkarni,Khed,Balwinder Kale,26,7741622954,yes,yes,,,9.9,138,yes,2025-03-28T18:44:00,
900315,a1b2c3000315-uuid-4f2a-5996,2025-07-06T07:05:00,2025-07-06T07:15:00,2025-07-06,Zarina Bhosale,Baramati,Priya Dhumal,20,8986123970,yes,yes,yes,,8.5,96,yes,2025-07-06T07:15:00,validation_status_approved
900316,a1b2c3000316-uuid-4f2a-2423,2025-03-04T14:32:00,2025-03-04T14:47:00,2025-03-04,Swati Bhosale,Bhor,Fatima Bhosale,24,7281383354,yes,yes,,,9.0,102,yes,2025-03-04T14:47:00,validation_status_approved
900317,a1b2c3000317-uuid-4f2a-2326,2025-04-04T10:43:00,2025-04-04T10:51:00,2025-04-04,Zarina Bhosale,Maval,Pallavi Dhumal,20,7355649280,yes,yes,,,10.3,129,yes,2025-04-04T10:51:00,validation_status_approved
900318,a1b2c3000318-uuid-4f2a-9111,2025-08-22T14:21:00,2025-08-22T14:31:00,2025-08-22,Kavita Kulkarni,Bhor,Tushar Kadam,35,6130516120,yes,yes,yes,yes,12.6,110,not_sure,2025-08-22T14:31:00,validation_status_approved
900319,a1b2c3000319-uuid-4f2a-8091,2025-05-17T18:08:00,2025-05-17T18:32:00,2025-05-17,Komal Kaur,Bhor,Pravin Dhumal,18,6889991756,yes,,,,12.0,126,not_sure,2025-05-17T18:32:00,validation_status_approved
900320,a1b2c3000320-uuid-4f2a-8821,2025-03-27T17:20:00,2025-03-27T17:43:00,2025-03-27,Komal Kaur,Bhor,Yogesh Shinde,28,9806224342,yes,,,,11.6,117,not_sure,2025-03-27T17:43:00,validation_status_approved
900321,a1b2c3000321-uuid-4f2a-5416,2025-08-02T06:45:00,2025-08-02T07:02:00,2025-08-02,Zarina Bhosale,Daund,Priya Rathod,32,8347922459,yes,yes,yes,,10.2,131,no,2025-08-02T07:02:00,validation_status_approved
900322,a1b2c3000322-uuid-4f2a-2793,2025-08-26T13:29:00,2025-08-26T13:51:00,2025-08-26,Komal Kaur,Velhe,Karan Dhumal,19,9592564271,yes,yes,yes,,13.3,128,yes,2025-08-26T13:51:00,validation_status_approved
900323,a1b2c3000323-uuid-4f2a-6402,2025-03-05T15:22:00,2025-03-05T15:32:00,2025-03-05,Komal Kaur,Shirur,Sunil Khan,31,9571824436,,,,,,,no,2025-03-05T15:32:00,validation_status_approved
900324,a1b2c3000324-uuid-4f2a-3986,2025-06-16T15:56:00,2025-06-16T16:18:00,2025-06-16,Zarina Bhosale,Junnar,Anil Yadav,37,7165815178,yes,,,,8.9,97,no,2025-06-16T16:18:00,validation_status_approved
900325,a1b2c3000325-uuid-4f2a-6561,2025-04-27T10:46:00,2025-04-27T11:09:00,2025-04-27,Jyoti Sayyed,Shirval,Anil Joshi,20,6314427061,,,,,,,no,2025-04-27T11:09:00,validation_status_approved
900326,a1b2c3000326-uuid-4f2a-6614,2025-07-06T07:17:00,2025-07-06T07:40:00,2025-07-06,Kavita Kulkarni,Narayangaon,Pooja Kale,30,7412091457,yes,,,,12.6,113,not_sure,2025-07-06T07:40:00,validation_status_approved
900327,a1b2c3000327-uuid-4f2a-4794,2025-08-21T11:33:00,2025-08-21T11:41:00,2025-08-21,Swati Bhosale,Narayangaon,Komal Pathan,37,7574763047,yes,yes,,,9.1,137,not_sure,2025-08-21T11:41:00,validation_status_approved
900328,a1b2c3000328-uuid-4f2a-4792,2025-08-12T17:37:00,2025-08-12T18:01:00,2025-08-12,Kavita Kulkarni,Wadgaon,Kavita Patil,22,6858724630,yes,yes,,,11.9,124,no,2025-08-12T18:01:00,validation_status_approved
900329,a1b2c3000329-uuid-4f2a-1649,2025-06-01T13:43:00,2025-06-01T14:05:00,2025-06-01,Mangal Sayyed,Shirur,Asha Shaikh,22,7473707071,yes,,,,11.5,106,no,2025-06-01T14:05:00,validation_status_approved
900330,a1b2c3000330-uuid-4f2a-3584,2025-07-24T15:04:00,2025-07-24T15:29:00,2025-07-24,Swati Bhosale,Rajgurunagar,Zarina Rathod,24,9218350488,yes,yes,,,10.0,107,not_sure,2025-07-24T15:29:00,
900331,a1b2c3000331-uuid-4f2a-5902,2025-03-07T16:44:00,2025-03-07T16:57:00,2025-03-07,Kavita Kulkarni,Manchar,Santosh Sheikh,38,8872666490,yes,yes,yes,yes,10.7,120,no,2025-03-07T16:57:00,validation_status_approved
900332,a1b2c3000332-uuid-4f2a-2853,2025-03-29T11:01:00,2025-03-29T11:19:00,2025-03-29,Mangal Sayyed,Velhe,Jaspal Thorat,18,8127564899,yes,,,,10.7,130,yes,2025-03-29T11:19:00,validation_status_approved
900333,a1b2c3000333-uuid-4f2a-4496,2025-04-25T13:29:00,2025-04-25T13:50:00,2025-04-25,Swati Bhosale,Wadgaon,Abhijit Waghmare,18,9726629247,yes,yes,yes,,11.1,104,yes,2025-04-25T13:50:00,validation_status_on_hold
900334,a1b2c3000334-uuid-4f2a-5430,2025-03-09T16:52:00,2025-03-09T17:16:00,2025-03-09,Mangal Sayyed,Maval,Lata Kadam,36,8953404996,yes,yes,yes,yes,12.1,134,not_sure,2025-03-09T17:16:00,validation_status_approved
900335,a1b2c3000335-uuid-4f2a-5269,2025-05-20T08:20:00,2025-05-20T08:30:00,2025-05-20,Mangal Sayyed,Indapur,Asha Suryawanshi,36,9518354150,yes,yes,yes,yes,11.1,134,yes,2025-05-20T08:30:00,
900336,a1b2c3000336-uuid-4f2a-3490,2025-07-01T08:55:00,2025-07-01T09:15:00,2025-07-01,Mangal Sayyed,Baramati,Sachin Nikam,20,8848903188,yes,,,,12.0,112,yes,2025-07-01T09:15:00,validation_status_approved
900337,a1b2c3000337-uuid-4f2a-7700,2025-05-08T14:44:00,2025-05-08T14:59:00,2025-05-08,Kavita Kulkarni,Junnar,Ganesh Patil,22,6519627766,yes,yes,yes,,11.5,125,not_sure,2025-05-08T14:59:00,validation_status_approved
900338,a1b2c3000338-uuid-4f2a-5979,2025-04-17T14:06:00,2025-04-17T14:23:00,2025-04-17,Mangal Sayyed,Daund,Prashant Suryawanshi,18,7993664831,,,,,,,not_sure,2025-04-17T14:23:00,validation_status_approved
900339,a1b2c3000339-uuid-4f2a-3676,2025-04-11T14:19:00,2025-04-11T14:34:00,2025-04-11,Mangal Sayyed,Khed,Nisha Yadav,18,9551226041,yes,,,,11.8,109,not_sure,2025-04-11T14:34:00,validation_status_approved
900340,a1b2c3000340-uuid-4f2a-5698,2025-04-11T14:12:00,2025-04-11T14:31:00,2025-04-11,Zarina Bhosale,Rajgurunagar,Anil Rathod,35,6573005838,yes,yes,yes,yes,9.9,136,not_sure,2025-04-11T14:31:00,validation_status_approved
