txn_id,date,device_type,txn_type,qty,balance_after,reference
DEV-00001,16/01/2025,Hearing aid,IN,24,63,Received from Donor grant
DEV-00002,16/03/2025,Tricycle,IN,25,57,Received from State disability office
DEV-00003,24/07/2025,Braille kit,IN,7,35,Received from Rotary club donation
DEV-00004,26/03/2025,Crutches,IN,9,45,Received from Rotary club donation
DEV-00005,23/03/2025,Hearing aid,OUT,4,59,Issued to Radha Pawar
DEV-00006,06/01/2025,Hearing aid,IN,22,81,Received from Rotary club donation
DEV-00007,22/04/2025,Hearing aid,IN,9,90,Received from State disability office
DEV-00008,18/02/2025,Walking stick,IN,7,59,Received from State disability office
DEV-00009,16/05/2025,Braille kit,IN,13,48,Received from Purchase order
DEV-00010,16/04/2025,Wheelchair,IN,14,36,Received from Rotary club donation
DEV-00011,16/06/2025,Hearing aid,OUT,3,87,Issued to Jaspal Bagul
DEV-00012,06/01/2025,Walking stick,IN,11,70,Received from Purchase order
DEV-00013,25/03/2025,Calipers,OUT,3,33,Issued to Kiran Sayyed
DEV-00014,07/01/2025,Hearing aid,OUT,3,84,Issued to Vishal More
DEV-00015,16/01/2025,Calipers,IN,5,38,Received from Rotary club donation
DEV-00016,11/02/2025,Braille kit,IN,18,66,Received from Rotary club donation
DEV-00017,20/06/2025,Calipers,OUT,1,37,Issued to Aslam Pawar
DEV-00018,12/07/2025,Calipers,OUT,1,36,Issued to Ravi Deshmukh
DEV-00019,26/01/2025,Wheelchair,OUT,5,31,Issued to Radha Sheikh
DEV-00020,04/08/2025,Wheelchair,IN,27,58,Received from State disability office
DEV-00021,13/06/2025,Walking stick,OUT,3,67,Issued to Zarina Yadav
DEV-00022,25/03/2025,Calipers,IN,26,62,Received from Rotary club donation
DEV-00023,12/05/2025,Wheelchair,OUT,2,56,Issued to Deepa Pathan
DEV-00024,15/05/2025,Calipers,OUT,5,57,Issued to Rupali Bagul
DEV-00025,13/04/2025,Hearing aid,OUT,5,79,Issued to Manisha Shaikh
DEV-00026,02/05/2025,Calipers,OUT,5,52,Issued to Pooja Chowdhury
DEV-00027,26/01/2025,Walking stick,OUT,1,66,Issued to Salman Sheikh
DEV-00028,15/05/2025,Hearing aid,OUT,5,74,Issued to Radha Nikam
DEV-00029,06/01/2025,Wheelchair,IN,21,77,Received from State disability office
DEV-00030,30/03/2025,Hearing aid,IN,26,100,Received from State disability office
DEV-00031,06/06/2025,Crutches,OUT,1,44,Issued to Firoz Khan
DEV-00032,11/06/2025,Crutches,OUT,5,39,Issued to Kiran Patil
DEV-00033,10/07/2025,Crutches,IN,7,46,Received from Rotary club donation
DEV-00034,14/05/2025,Braille kit,OUT,5,61,Issued to Dinesh Yadav
DEV-00035,05/08/2025,Hearing aid,OUT,4,96,Issued to Anjali Bhosale
DEV-00036,11/03/2025,Wheelchair,OUT,4,73,Issued to Deepa Singh
DEV-00037,03/04/2025,Wheelchair,IN,13,86,Received from Purchase order
DEV-00038,31/01/2025,Wheelchair,OUT,1,85,Issued to Yogesh Dhumal
DEV-00039,09/06/2025,Hearing aid,OUT,3,93,Issued to Manisha Ansari
DEV-00040,21/08/2025,Tricycle,IN,8,65,Received from Rotary club donation
DEV-00041,18/04/2025,Hearing aid,IN,11,104,Received from State disability office
DEV-00042,22/05/2025,Calipers,IN,17,69,Received from Rotary club donation
DEV-00043,24/04/2025,Wheelchair,OUT,3,82,Issued to Deepa Yadav
DEV-00044,13/08/2025,Wheelchair,OUT,5,77,Issued to Shabana Singh
DEV-00045,24/05/2025,Hearing aid,OUT,4,100,Issued to Jaspal Bhosale
DEV-00046,10/03/2025,Hearing aid,OUT,2,98,Issued to Ravi Ansari
DEV-00047,02/08/2025,Crutches,IN,9,55,Received from Donor grant
DEV-00048,21/03/2025,Tricycle,IN,30,95,Received from Donor grant
DEV-00049,18/07/2025,Crutches,IN,15,70,Received from Donor grant
DEV-00050,19/07/2025,Walking stick,OUT,4,62,Issued to Zarina Yadav
DEV-00051,19/08/2025,Crutches,OUT,4,66,Issued to Rani Shinde
DEV-00052,05/07/2025,Tricycle,OUT,3,92,Issued to Tushar Ansari
DEV-00053,05/08/2025,Walking stick,IN,5,67,Received from Donor grant
DEV-00054,06/07/2025,Braille kit,IN,13,74,Received from Rotary club donation
DEV-00055,22/06/2025,Hearing aid,IN,27,125,Received from Rotary club donation
DEV-00056,08/02/2025,Hearing aid,OUT,3,122,Issued to Fatima Shaikh
DEV-00057,18/03/2025,Walking stick,OUT,5,62,Issued to Vijay Kadam
DEV-00058,23/03/2025,Tricycle,IN,18,110,Received from State disability office
DEV-00059,28/05/2025,Braille kit,IN,27,101,Received from Rotary club donation
DEV-00060,12/08/2025,Walking stick,OUT,1,61,Issued to Akash Pawar
DEV-00061,13/01/2025,Hearing aid,OUT,2,120,Issued to Archana Ansari
DEV-00062,30/03/2025,Wheelchair,OUT,3,74,Issued to Rahul Shaikh
DEV-00063,23/07/2025,Calipers,OUT,2,67,Issued to Usha Patil
DEV-00064,16/03/2025,Walking stick,OUT,2,59,Issued to Ashok Mane
DEV-00065,12/05/2025,Wheelchair,OUT,4,70,Issued to Sunita Gawde
DEV-00066,16/08/2025,Braille kit,OUT,4,97,Issued to Dinesh Sayyed
DEV-00067,18/01/2025,Crutches,OUT,2,64,Issued to Jaspal Pawar
DEV-00068,06/05/2025,Braille kit,OUT,4,93,Issued to Prakash Khan
DEV-00069,07/08/2025,Walking stick,IN,15,74,Received from Rotary club donation
DEV-00070,26/07/2025,Walking stick,IN,11,85,Received from Donor grant
DEV-00071,23/07/2025,Braille kit,OUT,5,88,Issued to Gurpreet Ansari
DEV-00072,23/06/2025,Walking stick,OUT,4,81,Issued to Manisha Salunkhe
DEV-00073,01/05/2025,Tricycle,OUT,3,107,Issued to Priya Rathod
DEV-00074,15/06/2025,Hearing aid,IN,29,149,Received from State disability office
DEV-00075,27/07/2025,Tricycle,IN,12,119,Received from Purchase order
DEV-00076,16/03/2025,Wheelchair,IN,7,77,Received from Purchase order
DEV-00077,14/06/2025,Wheelchair,OUT,2,75,Issued to Firoz Chavan
DEV-00078,17/03/2025,Wheelchair,OUT,1,74,Issued to Ramesh More
DEV-00079,02/07/2025,Calipers,OUT,1,66,Issued to Firoz Chavan
DEV-00080,21/02/2025,Tricycle,OUT,3,116,Issued to Rukhsar Mane
DEV-00081,05/06/2025,Tricycle,OUT,3,113,Issued to Komal Rathod
DEV-00082,20/07/2025,Hearing aid,OUT,4,145,Issued to Ayesha Chavan
DEV-00083,12/07/2025,Crutches,OUT,2,62,Issued to Abhijit Sawant
DEV-00084,24/07/2025,Tricycle,OUT,2,111,Issued to Firoz Kaur
DEV-00085,10/06/2025,Tricycle,IN,9,120,Received from Purchase order
DEV-00086,08/07/2025,Walking stick,OUT,4,77,Issued to Vandana Kale
DEV-00087,16/07/2025,Walking stick,OUT,1,76,Issued to Radha Shaikh
DEV-00088,05/04/2025,Braille kit,IN,11,99,Received from State disability office
DEV-00089,05/06/2025,Wheelchair,OUT,3,71,Issued to Kavita Rathod
DEV-00090,04/07/2025,Tricycle,OUT,5,115,Issued to Sunil Chowdhury
DEV-00091,01/08/2025,Hearing aid,OUT,1,144,Issued to Mangal Kale
DEV-00092,27/02/2025,Hearing aid,OUT,2,142,Issued to Jaspal Khan
DEV-00093,12/03/2025,Walking stick,OUT,2,74,Issued to Rajesh Singh
DEV-00094,06/06/2025,Tricycle,OUT,4,111,Issued to Rukhsar Bhosale
DEV-00095,13/01/2025,Tricycle,IN,16,127,Received from State disability office
DEV-00096,10/01/2025,Walking stick,OUT,3,71,Issued to Rekha Yadav
DEV-00097,01/07/2025,Braille kit,OUT,3,96,Issued to Gurpreet Sheikh
DEV-00098,29/05/2025,Tricycle,OUT,1,126,Issued to Abhijit Gawde
DEV-00099,19/06/2025,Wheelchair,OUT,1,70,Issued to Savita Joshi
DEV-00100,08/03/2025,Walking stick,OUT,4,67,Issued to Pooja Suryawanshi
DEV-00101,03/04/2025,Wheelchair,OUT,1,69,Issued to Kalpana Thorat
DEV-00102,23/02/2025,Tricycle,IN,24,150,Received from Donor grant
DEV-00103,05/01/2025,Braille kit,IN,16,112,Received from Rotary club donation
DEV-00104,14/06/2025,Walking stick,IN,12,79,Received from Purchase order
DEV-00105,24/06/2025,Hearing aid,OUT,5,137,Issued to Vandana Shaikh
DEV-00106,02/07/2025,Hearing aid,IN,17,154,Received from Donor grant
DEV-00107,18/08/2025,Wheelchair,IN,13,82,Received from State disability office
DEV-00108,08/01/2025,Wheelchair,OUT,3,79,Issued to Shabana Chavan
DEV-00109,02/07/2025,Tricycle,OUT,2,148,Issued to Salman Khan
DEV-00110,24/03/2025,Tricycle,OUT,4,144,Issued to Anil Thorat
DEV-00111,19/07/2025,Crutches,OUT,4,58,Issued to Sachin Chavan
DEV-00112,14/02/2025,Wheelchair,IN,23,102,Received from Purchase order
DEV-00113,10/03/2025,Wheelchair,IN,17,119,Received from Donor grant
DEV-00114,08/06/2025,Crutches,IN,27,85,Received from Purchase order
DEV-00115,14/07/2025,Calipers,OUT,5,61,Issued to Prakash Sayyed
DEV-00116,08/08/2025,Walking stick,OUT,5,74,Issued to Om More
DEV-00117,30/05/2025,Hearing aid,IN,24,178,Received from State disability office
DEV-00118,05/04/2025,Crutches,OUT,4,81,Issued to Ganesh Pathan
DEV-00119,10/05/2025,Braille kit,OUT,5,107,Issued to Mahesh Dhumal
DEV-00120,14/08/2025,Hearing aid,OUT,5,173,Issued to Jaspal Kale
DEV-00121,13/03/2025,Wheelchair,IN,29,148,Received from Rotary club donation
DEV-00122,06/07/2025,Tricycle,IN,15,159,Received from Rotary club donation
DEV-00123,21/04/2025,Braille kit,OUT,1,106,Issued to Sanjay Shinde
DEV-00124,19/04/2025,Calipers,IN,6,67,Received from Purchase order
DEV-00125,23/05/2025,Crutches,OUT,4,77,Issued to Archana Patil
DEV-00126,30/06/2025,Braille kit,IN,24,130,Received from Donor grant
DEV-00127,28/04/2025,Hearing aid,OUT,4,169,Issued to Tushar Kulkarni
DEV-00128,25/07/2025,Wheelchair,OUT,1,147,Issued to Vijay Dhumal
DEV-00129,21/04/2025,Braille kit,OUT,3,127,Issued to Rupali Gaikwad
DEV-00130,13/08/2025,Braille kit,OUT,1,126,Issued to Rukhsar Gawde
DEV-00131,23/04/2025,Braille kit,OUT,2,124,Issued to Snehal Singh
DEV-00132,02/08/2025,Calipers,OUT,4,63,Issued to Prakash Waghmare
DEV-00133,04/07/2025,Calipers,OUT,3,60,Issued to Sunita Kulkarni
DEV-00134,14/08/2025,Tricycle,OUT,2,157,Issued to Kavita Shaikh
DEV-00135,20/04/2025,Wheelchair,IN,24,171,Received from Purchase order
DEV-00136,28/04/2025,Tricycle,OUT,1,156,Issued to Tushar Gaikwad
DEV-00137,13/07/2025,Walking stick,OUT,2,72,Issued to Jyoti Jadhav
DEV-00138,19/05/2025,Braille kit,IN,7,131,Received from Donor grant
DEV-00139,03/05/2025,Tricycle,OUT,4,152,Issued to Vandana Salunkhe
DEV-00140,14/07/2025,Crutches,IN,30,107,Received from Donor grant
DEV-00141,03/08/2025,Crutches,IN,16,123,Received from Rotary club donation
DEV-00142,12/07/2025,Tricycle,IN,18,170,Received from Donor grant
DEV-00143,15/04/2025,Crutches,OUT,3,120,Issued to Divya Pathan
DEV-00144,14/01/2025,Walking stick,IN,16,88,Received from State disability office
DEV-00145,18/01/2025,Walking stick,IN,25,113,Received from Rotary club donation
DEV-00146,12/05/2025,Calipers,OUT,4,56,Issued to Ramesh Sheikh
DEV-00147,07/02/2025,Crutches,OUT,2,118,Issued to Vaishali Jadhav
DEV-00148,14/08/2025,Tricycle,OUT,5,165,Issued to Ravi Dhumal
DEV-00149,18/05/2025,Crutches,OUT,5,113,Issued to Swati Rathod
DEV-00150,06/06/2025,Tricycle,IN,12,177,Received from Donor grant
DEV-00151,14/07/2025,Calipers,OUT,1,55,Issued to Lata Bagul
DEV-00152,02/03/2025,Walking stick,OUT,2,111,Issued to Usha Kaur
DEV-00153,05/03/2025,Calipers,OUT,4,51,Issued to Pooja Pawar
DEV-00154,23/08/2025,Crutches,OUT,2,111,Issued to Snehal Bagul
DEV-00155,20/01/2025,Hearing aid,OUT,4,165,Issued to Ayesha Ansari
DEV-00156,05/03/2025,Braille kit,OUT,4,127,Issued to Akash Salunkhe
DEV-00157,28/07/2025,Wheelchair,OUT,3,168,Issued to Vaishali Pathan
DEV-00158,17/03/2025,Hearing aid,OUT,2,163,Issued to Tushar Patil
DEV-00159,04/03/2025,Hearing aid,IN,29,192,Received from Rotary club donation
DEV-00160,07/02/2025,Hearing aid,OUT,3,189,Issued to Vaishali Jadhav
DEV-00161,05/02/2025,Wheelchair,IN,10,178,Received from Rotary club donation
DEV-00162,08/06/2025,Tricycle,IN,28,205,Received from Donor grant
DEV-00163,06/03/2025,Wheelchair,OUT,2,176,Issued to Priya Bhoir
DEV-00164,01/05/2025,Walking stick,IN,17,128,Received from Rotary club donation
DEV-00165,25/02/2025,Braille kit,OUT,3,124,Issued to Abhijit Shinde
DEV-00166,09/03/2025,Wheelchair,IN,8,184,Received from State disability office
DEV-00167,12/07/2025,Braille kit,OUT,2,122,Issued to Sarita Deshmukh
DEV-00168,23/02/2025,Hearing aid,IN,12,201,Received from Donor grant
DEV-00169,15/07/2025,Calipers,OUT,1,50,Issued to Imran Kaur
DEV-00170,12/03/2025,Tricycle,IN,17,222,Received from Purchase order
DEV-00171,24/07/2025,Crutches,IN,17,128,Received from Purchase order
DEV-00172,06/04/2025,Calipers,OUT,5,45,Issued to Savita Yadav
DEV-00173,18/04/2025,Crutches,IN,27,155,Received from Donor grant
DEV-00174,22/03/2025,Hearing aid,IN,16,217,Received from Donor grant
DEV-00175,22/05/2025,Tricycle,OUT,4,218,Issued to Akash Bhoir
DEV-00176,05/07/2025,Hearing aid,OUT,4,213,Issued to Radha Ansari
DEV-00177,22/07/2025,Wheelchair,OUT,5,179,Issued to Ramesh Pathan
DEV-00178,21/05/2025,Braille kit,IN,28,150,Received from State disability office
DEV-00179,27/06/2025,Braille kit,IN,30,180,Received from Donor grant
DEV-00180,08/01/2025,Calipers,OUT,4,41,Issued to Kalpana Joshi
DEV-00181,27/04/2025,Braille kit,OUT,4,176,Issued to Snehal Bhoir
DEV-00182,26/03/2025,Hearing aid,IN,25,238,Received from Donor grant
DEV-00183,06/03/2025,Hearing aid,OUT,3,235,Issued to Komal Kaur
DEV-00184,10/02/2025,Calipers,IN,8,49,Received from Purchase order
DEV-00185,15/07/2025,Tricycle,OUT,4,214,Issued to Anjali Chavan
DEV-00186,04/07/2025,Tricycle,OUT,4,210,Issued to Vijay Shaikh
DEV-00187,21/02/2025,Crutches,OUT,2,153,Issued to Rani Pathan
DEV-00188,16/02/2025,Calipers,OUT,5,44,Issued to Harpreet More
DEV-00189,21/05/2025,Crutches,IN,12,165,Received from Donor grant
DEV-00190,18/01/2025,Braille kit,IN,30,206,Received from State disability office
DEV-00191,18/04/2025,Calipers,OUT,5,39,Issued to Sanjay Joshi
DEV-00192,20/03/2025,Braille kit,OUT,5,201,Issued to Snehal Waghmare
DEV-00193,22/03/2025,Tricycle,IN,8,218,Received from State disability office
DEV-00194,27/02/2025,Braille kit,OUT,5,196,Issued to Om Dhumal
DEV-00195,03/08/2025,Calipers,OUT,2,37,Issued to Akash Rathod
DEV-00196,21/04/2025,Braille kit,IN,24,220,Received from Donor grant
DEV-00197,21/05/2025,Braille kit,IN,19,239,Received from Rotary club donation
DEV-00198,27/03/2025,Hearing aid,OUT,2,233,Issued to Deepa Ansari
DEV-00199,25/04/2025,Crutches,OUT,3,162,Issued to Simran Gawde
DEV-00200,13/06/2025,Walking stick,IN,29,157,Received from State disability office
DEV-00201,18/08/2025,Walking stick,OUT,4,153,Issued to Harpreet Deshmukh
DEV-00202,20/04/2025,Wheelchair,OUT,3,176,Issued to Imran Dhumal
DEV-00203,23/03/2025,Tricycle,IN,29,247,Received from Rotary club donation
DEV-00204,21/08/2025,Braille kit,OUT,3,236,Issued to Om Kadam
DEV-00205,02/02/2025,Calipers,OUT,2,35,Issued to Firoz Singh
DEV-00206,11/08/2025,Hearing aid,IN,29,262,Received from Purchase order
DEV-00207,24/05/2025,Tricycle,OUT,3,244,Issued to Rani Deshmukh
DEV-00208,25/07/2025,Walking stick,OUT,1,152,Issued to Rupali Shaikh
DEV-00209,31/03/2025,Braille kit,IN,30,266,Received from Rotary club donation
DEV-00210,04/06/2025,Wheelchair,OUT,1,175,Issued to Snehal Rathod
DEV-00211,08/01/2025,Braille kit,OUT,3,263,Issued to Akash Sheikh
DEV-00212,23/03/2025,Walking stick,IN,28,180,Received from Purchase order
DEV-00213,19/08/2025,Wheelchair,OUT,5,170,Issued to Akash Mane
DEV-00214,04/07/2025,Walking stick,OUT,1,179,Issued to Sarita Kulkarni
DEV-00215,14/01/2025,Tricycle,OUT,2,242,Issued to Manisha Rathod
DEV-00216,17/05/2025,Walking stick,OUT,5,174,Issued to Sunita Mane
DEV-00217,24/03/2025,Crutches,OUT,3,159,Issued to Pravin Jadhav
DEV-00218,02/07/2025,Wheelchair,IN,10,180,Received from State disability office
DEV-00219,29/01/2025,Wheelchair,OUT,2,178,Issued to Ashok Bagul
DEV-00220,09/05/2025,Tricycle,OUT,1,241,Issued to Jaspal Deshmukh
DEV-00221,23/04/2025,Braille kit,OUT,4,259,Issued to Swati Pawar
DEV-00222,10/07/2025,Hearing aid,OUT,1,261,Issued to Akash Deshmukh
DEV-00223,16/05/2025,Wheelchair,OUT,2,176,Issued to Deepa Bagul
DEV-00224,31/05/2025,Braille kit,OUT,4,255,Issued to Kalpana Shinde
DEV-00225,07/05/2025,Braille kit,IN,17,272,Received from Purchase order
DEV-00226,09/04/2025,Braille kit,OUT,2,270,Issued to Ashok Kadam
DEV-00227,19/01/2025,Crutches,IN,8,167,Received from State disability office
DEV-00228,02/02/2025,Wheelchair,OUT,1,175,Issued to Priya Sheikh
DEV-00229,21/05/2025,Wheelchair,OUT,1,174,Issued to Pooja Kulkarni
DEV-00230,10/03/2025,Walking stick,OUT,5,169,Issued to Iqbal Chowdhury
DEV-00231,18/08/2025,Crutches,IN,8,175,Received from Purchase order
DEV-00232,18/08/2025,Tricycle,OUT,1,240,Issued to Vandana Yadav
DEV-00233,31/05/2025,Braille kit,OUT,5,265,Issued to Firoz Shinde
DEV-00234,21/08/2025,Walking stick,OUT,1,168,Issued to Salman Chavan
DEV-00235,01/08/2025,Walking stick,IN,8,176,Received from Donor grant
DEV-00236,19/08/2025,Tricycle,OUT,3,237,Issued to Gurpreet Gaikwad
DEV-00237,20/05/2025,Tricycle,OUT,3,234,Issued to Asha Khan
DEV-00238,15/01/2025,Walking stick,OUT,2,174,Issued to Zarina Sayyed
DEV-00239,18/04/2025,Wheelchair,OUT,4,170,Issued to Vijay Kaur
DEV-00240,16/07/2025,Hearing aid,OUT,2,259,Issued to Aslam Sawant
DEV-00241,02/06/2025,Braille kit,OUT,2,263,Issued to Shobha More
DEV-00242,30/05/2025,Crutches,OUT,1,174,Issued to Santosh Thorat
DEV-00243,21/04/2025,Tricycle,OUT,5,229,Issued to Dinesh Ansari
DEV-00244,22/07/2025,Hearing aid,OUT,4,255,Issued to Rukhsar Kadam
DEV-00245,13/07/2025,Crutches,IN,5,179,Received from Purchase order
DEV-00246,06/03/2025,Hearing aid,OUT,1,254,Issued to Gurmeet Kaur
DEV-00247,27/04/2025,Braille kit,IN,23,286,Received from Purchase order
DEV-00248,18/04/2025,Crutches,OUT,3,176,Issued to Vandana Waghmare
DEV-00249,25/02/2025,Walking stick,OUT,3,171,Issued to Yogesh Kulkarni
DEV-00250,27/03/2025,Braille kit,OUT,2,284,Issued to Vijay Chowdhury
DEV-00251,30/03/2025,Hearing aid,OUT,4,250,Issued to Mahesh Mane
DEV-00252,04/07/2025,Calipers,OUT,1,34,Issued to Karan Yadav
DEV-00253,08/04/2025,Walking stick,OUT,3,168,Issued to Nitin Singh
DEV-00254,29/04/2025,Tricycle,OUT,4,225,Issued to Yogesh Sheikh
DEV-00255,14/02/2025,Calipers,OUT,3,31,Issued to Sachin Shinde
DEV-00256,09/07/2025,Hearing aid,OUT,5,245,Issued to Santosh Jadhav
DEV-00257,18/05/2025,Braille kit,OUT,4,280,Issued to Savita Thorat
DEV-00258,01/07/2025,Calipers,IN,29,60,Received from Rotary club donation
DEV-00259,30/04/2025,Hearing aid,OUT,4,241,Issued to Sarita Yadav
DEV-00260,07/07/2025,Crutches,IN,5,181,Received from Rotary club donation
